wellname,Depth,AC,CALI,DFL,DRHO,DT,GR,HAC,HRID,HRIM,LLD,LLS,MSFL,NPHI,PD60,PE,RHOB,SP,lith
gu471,1841.225,218.9768,8.8274,3.7424,0.0948,91.3231,124.7603,219.5259,3.2331,3.4477,3.9891,4.0949,3.6053,0.2528,128.5112,3.571,2.3275,-8.1666,11
gu471,1841.25625,224.6676,8.8268,3.5708,0.2301,91.43,126.7006,214.4617,3.2015,3.4065,3.8893,3.9358,3.5298,0.2647,111.9611,3.9177,2.3998,-8.1096,11
gu471,1841.2875,230.7381,8.8285,3.4842,0.2745,91.5126,127.1507,211.0427,3.1895,3.3888,3.7664,3.8254,3.545,0.2773,106.9991,4.1822,2.3805,-8.1811,11
gu471,1841.31875,237.6943,8.8285,3.4577,0.2713,91.199,126.4274,210.7869,3.1984,3.3968,3.6671,3.6898,3.8048,0.2791,103.5551,4.2605,2.3089,-8.2095,11
gu471,1841.35,243.3852,8.8318,3.501,0.2899,91.1351,125.1801,215.9718,3.2227,3.4202,3.6555,3.6784,4.125,0.2788,101.2248,4.6621,2.282,-8.2286,11
gu471,1841.38125,248.0639,8.8187,3.5297,0.3042,91.5719,123.7045,222.8012,3.2577,3.4542,3.6998,3.7334,4.339,0.2858,99.4505,4.9148,2.2866,-8.2905,11
gu471,1841.4125,247.5549,8.7924,3.5434,0.3038,91.5969,121.5772,228.2396,3.3054,3.5008,3.7197,3.8948,3.91,0.2846,99.5995,4.8195,2.2711,-8.319,11
gu471,1841.44375,246.4133,8.7574,3.5512,0.2898,90.7453,118.7586,236.4613,3.375,3.5729,3.7336,3.8358,3.7708,0.2665,101.1147,4.6072,2.2373,-8.2903,11
gu471,1841.475,244.5111,8.7155,3.662,0.2812,89.4391,116.4612,245.5687,3.4831,3.6879,3.8487,3.8633,4.4419,0.2495,103.1865,4.6147,2.2154,-8.2287,11
gu471,1841.50625,243.3699,8.6783,3.9153,0.2832,87.9792,115.8618,251.1332,3.6514,3.8684,4.2171,4.169,4.621,0.2378,106.3718,4.693,2.2108,-8.2762,11
gu471,1841.5375,242.4814,8.6456,4.4275,0.289,86.5,116.5431,255.5591,3.8901,4.1242,4.8698,4.6715,4.7788,0.2335,111.6313,4.6638,2.2291,-8.2951,11
gu471,1841.56875,241.9729,8.6161,5.248,0.2818,85.2203,116.8132,259.4788,4.1761,4.4296,5.5244,5.4431,6.4218,0.2235,117.3466,4.4259,2.2981,-8.2522,11
gu471,1841.6,242.7287,8.6041,5.9879,0.2679,83.7611,116.0596,261.7536,4.4251,4.694,5.7924,5.7696,9.2395,0.2189,121.0885,4.1393,2.4222,-8.1094,11
gu471,1841.63125,244.1167,8.6085,6.2291,0.2582,82.5781,115.2242,263.5223,4.5228,4.7952,5.7136,5.5932,10.4844,0.2235,127.1069,4.0343,2.5233,-8.0713,11
gu471,1841.6625,244.8735,8.6161,5.7151,0.2355,82.5802,115.2424,262.1265,4.4372,4.7013,5.5773,5.3693,7.6356,0.2141,129.8875,3.8796,2.5414,-8.0095,11
gu471,1841.69375,246.261,8.6238,4.8753,0.2017,83.4359,116.3198,261.4916,4.2622,4.5159,5.3704,5.1374,4.5352,0.21,133.8313,3.5695,2.5128,-7.8474,11
gu471,1841.725,246.7657,8.6281,4.366,0.2095,84.6859,118.8533,260.0971,4.1162,4.3651,4.9492,4.7051,3.8207,0.2264,137.5733,3.5101,2.5128,-7.7095,11
gu471,1841.75625,247.5216,8.6413,4.2446,0.2395,85.7921,122.4875,259.2091,4.0562,4.3077,4.4945,4.3905,4.6073,0.2373,143.8441,3.6257,2.5214,-7.6952,11
gu471,1841.7875,248.4044,8.6636,4.2821,0.2549,85.6969,126.1347,258.1938,4.079,4.3378,4.2791,4.3625,6.0034,0.2331,146.7769,3.649,2.5164,-7.7096,11
gu471,1841.81875,248.9081,8.6811,4.4046,0.2419,84.6996,128.5712,257.3049,4.167,4.4312,4.3724,4.4189,6.7036,0.2263,152.2898,3.5009,2.4876,-7.7714,11
gu471,1841.85,249.6645,8.6805,4.5505,0.2377,83.8614,128.3796,256.67,4.323,4.5854,4.7058,4.6228,6.2556,0.2199,158.7133,3.5093,2.4685,-8.0339,11
gu471,1841.88125,249.9147,8.6571,4.8198,0.2678,82.95,125.3736,257.4247,4.5783,4.8322,5.1591,5.0094,5.7317,0.2144,167.6644,3.866,2.4985,-8.534,11
gu471,1841.9125,249.9118,8.6258,5.4006,0.2744,81.5543,119.8815,257.8034,4.9705,5.2172,5.8254,5.5954,5.8251,0.201,167.664,4.0568,2.536,-9.1107,11
gu471,1841.94375,250.4151,8.597,6.5945,0.2373,79.9984,112.4794,258.813,5.509,5.7573,6.8773,6.6264,6.5504,0.1823,166.2945,3.8959,2.5515,-9.6194,11
gu471,1841.975,250.5378,8.5839,8.3175,0.1985,78.5379,104.6237,259.8221,6.1263,6.3938,8.1003,7.9742,8.3064,0.1782,164.5207,3.6405,2.5656,-9.9143,11
gu471,1842.00625,250.5354,8.5823,10.1111,0.172,77.4496,98.8436,260.7051,6.6197,6.9217,9.0879,9.0169,11.2157,0.1827,162.544,3.4825,2.5647,-9.8758,11
gu471,1842.0375,250.2785,8.5877,10.7351,0.1684,77.1281,97.1866,261.9673,6.7349,7.0609,9.2123,9.1845,12.9902,0.1842,159.8089,3.4253,2.5619,-9.5136,11
gu471,1842.06875,250.2762,8.5975,9.5145,0.1944,77.7739,100.1679,262.7238,6.3912,6.7082,8.158,8.0911,15.6221,0.1889,155.9095,3.5379,2.5863,-8.9271,11
gu471,1842.1,250.0207,8.615,7.4181,0.2052,79.4234,106.218,263.6068,5.7801,6.0732,6.7904,6.69,16.8909,0.198,151.8078,3.5273,2.5977,-8.3042,11
gu471,1842.13125,249.7643,8.6303,5.9409,0.2008,81.4854,112.4081,264.2372,5.1616,5.4318,5.7616,5.6541,12.725,0.2064,147.0989,3.4269,2.5914,-7.8286,11
gu471,1842.1625,249.3823,8.644,4.8935,0.2005,83.1845,117.0629,265.1198,4.6858,4.9408,5.0778,4.8906,9.786,0.2184,134.9011,3.3946,2.5882,-7.5284,11
gu471,1842.19375,247.7341,8.6565,4.4699,0.1757,84.5813,119.8429,265.7502,4.3768,4.6186,4.5954,4.4967,7.3073,0.2316,127.4094,3.3688,2.5619,-7.3523,11
gu471,1842.225,246.4654,8.6642,4.2852,0.1384,85.6456,121.5039,265.8741,4.2066,4.44,4.2277,4.3218,6.7207,0.2362,121.0303,3.1826,2.5281,-7.2907,11
gu471,1842.25625,244.185,8.6723,4.2256,0.1367,85.9234,123.4129,260.1771,4.1469,4.375,4.2032,4.113,6.607,0.2177,114.1458,3.0621,2.5237,-7.3669,11
gu471,1842.2875,241.651,8.6702,4.4171,0.1545,85.3242,125.4988,247.1416,4.1868,4.416,4.6611,4.4925,6.625,0.2018,103.5673,3.1272,2.528,-7.5286,11
gu471,1842.31875,240.2573,8.6576,4.7651,0.167,84.36,126.1261,238.4078,4.3231,4.5568,5.2176,5.1735,6.6978,0.2138,98.6055,3.2897,2.5473,-7.6095,11
gu471,1842.35,237.5958,8.6396,5.344,0.1594,83.6297,124.4845,228.7887,4.5256,4.7627,5.4679,5.5046,6.5339,0.2186,95.7683,3.3285,2.5604,-7.619,11
gu471,1842.38125,236.202,8.6205,6.0124,0.168,83.1088,121.0965,221.9528,4.7108,4.9473,5.5175,5.5262,8.1332,0.2053,94.2481,3.2823,2.572,-7.6285,11
gu471,1842.4125,234.5538,8.6139,6.0941,0.2071,82.5969,117.7543,217.1418,4.7798,5.0135,5.6631,5.6755,11.0687,0.2028,92.3727,3.323,2.5956,-7.6046,11
gu471,1842.44375,233.6656,8.6134,5.8115,0.2246,82.6189,117.1665,212.4574,4.7142,4.9448,5.8285,5.7776,10.79,0.2061,91.0535,3.3538,2.5995,-7.4095,11
gu471,1842.475,232.65,8.6085,5.3789,0.2071,83.296,119.4484,207.0125,4.5857,4.8112,5.6416,5.6166,8.2511,0.2103,92.3672,3.3676,2.5653,-7.2761,11
gu471,1842.50625,232.2681,8.6046,5.1521,0.1984,83.8609,121.9132,204.9861,4.4651,4.6837,5.2954,5.2805,6.6732,0.2216,95.7042,3.3782,2.5248,-7.2333,11
gu471,1842.5375,231.7581,8.5998,5.079,0.2202,84.4091,122.7098,200.9339,4.3632,4.5736,5.103,5.232,5.1922,0.2419,102.2289,3.5067,2.5087,-7.2618,11
gu471,1842.56875,231.5026,8.6259,4.9594,0.2429,85.5078,121.3942,199.1602,4.2489,4.45,4.9495,5.1575,5.1672,0.2603,105.8691,3.6478,2.491,-7.2095,11
gu471,1842.6,231.4993,8.6614,4.7748,0.266,86.5416,118.6143,195.9941,4.0939,4.284,4.7289,4.9049,5.0588,0.258,109.5598,3.9192,2.4393,-7.2048,11
gu471,1842.63125,231.8765,8.6936,4.4073,0.2904,86.9409,115.9932,192.575,3.9127,4.0922,4.4653,4.5867,4.4293,0.2564,113.1498,4.4156,2.373,-7.1238,11
gu471,1842.6625,232.3797,8.7177,4.0321,0.3077,87.2156,114.6062,192.1917,3.7502,3.92,4.2945,4.2794,3.7486,0.2718,118.8143,4.8181,2.3211,-7.1191,11
gu471,1842.69375,234.4014,8.7095,3.8569,0.2855,87.7854,114.2675,195.9854,3.6449,3.808,4.1991,4.206,3.6615,0.2653,131.2081,4.522,2.251,-7.1716,11
gu471,1842.725,237.8144,8.7062,3.8065,0.2718,88.5906,114.8578,209.3952,3.6054,3.7671,4.0549,4.0716,4.1555,0.2469,141.7809,4.3169,2.323,-7.262,11
gu471,1842.75625,241.481,8.6931,3.8687,0.2835,89.0302,116.5611,217.3645,3.615,3.782,3.9712,3.9543,4.7102,0.2407,157.9675,4.3314,2.3919,-7.3238,11
gu471,1842.7875,245.6533,8.6718,3.9606,0.2801,88.6177,119.5948,224.7007,3.6517,3.8281,4.0333,4.1886,4.3655,0.2363,158.473,4.2948,2.473,-7.4811,11
gu471,1865.4125,247.8278,8.585,7.5553,0.1671,79.3952,106.6835,259.6506,5.7071,5.9928,6.7831,6.8146,9.7805,0.1904,119.8924,3.2791,2.5842,-7.4905,5
gu471,1865.44375,248.0786,8.5937,7.3555,0.146,79.2828,105.681,258.1291,5.7067,5.9966,6.9625,7.0033,10.6835,0.1887,118.5237,3.186,2.5619,-7.5091,5
gu471,1865.475,248.8345,8.6036,6.8243,0.1893,79.549,105.2424,255.9735,5.5613,5.8552,7.0089,6.8919,10.8655,0.1886,117.4087,3.3929,2.5997,-7.352,5
gu471,1865.50625,249.339,8.6074,6.3284,0.2501,80.4014,104.7229,251.6656,5.3461,5.6412,7.0209,6.9096,9.7237,0.1948,116.2431,3.6926,2.6501,-7.0524,5
gu471,1865.5375,249.9692,8.6063,5.9797,0.2374,81.5813,104.7146,247.8651,5.1025,5.3911,6.8177,6.6349,8.5042,0.207,114.52,3.6339,2.6207,-6.6949,5
gu471,1865.56875,250.8512,8.6025,5.5207,0.191,82.651,106.2497,244.6971,4.8365,5.1134,6.3114,6.2034,8.684,0.2145,113.5071,3.2485,2.5291,-6.438,5
gu471,1865.6,251.2292,8.5965,5.0002,0.2162,83.5031,109.6363,246.9725,4.569,4.8298,5.6258,5.6866,8.9267,0.2123,111.937,3.3649,2.4656,-6.3332,5
gu471,1865.63125,251.6066,8.5926,4.5667,0.2768,84.0948,114.3956,249.3759,4.3474,4.5916,5.0795,5.1698,8.4531,0.2163,110.3666,4.0158,2.4507,-6.2904,5
gu471,1865.6625,251.857,8.5926,4.3711,0.2741,84.4846,118.8264,253.1702,4.2193,4.4513,4.8084,4.7426,7.3224,0.2278,108.7456,4.1581,2.4374,-6.2333,5
gu471,1865.69375,252.1069,8.5943,4.3727,0.2083,84.6531,120.4307,254.4345,4.2039,4.4322,4.6622,4.577,6.3292,0.2386,107.074,3.5114,2.4156,-6.1905,5
gu471,1865.725,252.2297,8.597,4.6574,0.1552,84.2676,118.8801,256.0782,4.2917,4.5251,4.5344,4.4785,6.2059,0.242,105.7577,3.1255,2.4292,-6.1857,5
gu471,1865.75625,252.353,8.5975,5.0822,0.1364,83.2516,116.6559,257.9747,4.4518,4.6948,4.5882,4.5568,6.86,0.2206,104.2378,3.0888,2.4785,-6.1951,5
gu471,1865.7875,252.351,8.5926,5.599,0.136,81.9657,116.2582,260.5042,4.6365,4.8873,4.9485,4.9785,7.4342,0.1944,102.7685,3.2118,2.5345,-6.1523,5
gu471,1865.81875,252.4743,8.5855,6.1781,0.1412,81.3331,117.1755,261.7677,4.779,5.0309,5.5294,5.5448,7.314,0.1892,101.5023,3.3082,2.5677,-6.0952,5
gu471,1865.85,252.7247,8.5768,6.2445,0.1482,81.6016,116.5507,261.0049,4.809,5.0569,5.9898,6.1387,7.5329,0.1942,100.4374,3.3145,2.5623,-6.0094,5
gu471,1865.88125,253.2283,8.5713,6.0604,0.1761,81.926,114.3874,259.7365,4.6916,4.9323,6.0029,6.2309,7.9852,0.1935,100.788,3.3287,2.5524,-5.8998,5
gu471,1865.9125,253.7305,8.5746,5.3398,0.2175,82.725,114.6485,257.1998,4.4562,4.6865,5.8755,6.1088,8.0871,0.2023,101.4424,3.5042,2.5558,-5.7521,5
gu471,1865.94375,253.8556,8.5861,4.6637,0.2497,84.9487,119.8596,255.8048,4.1693,4.3817,5.6695,5.9219,7.4204,0.2343,102.1979,3.7523,2.552,-5.6093,5
gu471,1865.975,254.4859,8.6139,4.1874,0.2347,87.6227,128.256,255.17,3.8947,4.0842,5.1583,5.4456,6.6081,0.2644,103.0035,3.7793,2.5069,-5.481,5
gu471,1866.00625,255.1156,8.6461,3.7883,0.1829,89.6266,135.7991,253.3942,3.6719,3.8383,4.5782,4.7191,6.8685,0.268,103.6589,3.522,2.4398,-5.4714,5
gu471,1866.0375,255.4935,8.68,3.6836,0.1506,91.3184,139.287,251.6167,3.5201,3.6689,4.1456,4.3794,6.4145,0.2747,104.7172,3.3321,2.4236,-5.4333,5
gu471,1866.06875,255.9966,8.6996,3.799,0.1468,92.3156,138.8377,251.6158,3.4377,3.576,3.9516,4.2719,4.9091,0.2794,105.6239,3.3381,2.4541,-5.4048,5
gu471,1866.1,256.5002,8.7024,3.8579,0.1322,91.8889,136.6705,251.3604,3.4021,3.5337,3.8949,4.0741,4.4158,0.281,106.1276,3.349,2.4696,-5.4,5
gu471,1866.13125,257.0038,8.7013,3.8273,0.1094,91.2108,133.6192,251.9903,3.3815,3.5051,3.8409,4.0341,4.7231,0.2871,106.8325,3.2896,2.4569,-5.3952,5
gu471,1866.1625,257.6336,8.6996,3.7361,0.0934,91.1203,130.5899,252.4945,3.3548,3.468,3.8359,4.0502,5.2028,0.2783,107.8394,3.2039,2.4433,-5.381,5
gu471,1866.19375,258.011,8.7045,3.6392,0.0713,91.3003,129.9396,254.6415,3.3263,3.4328,3.8551,4.0002,5.3615,0.2723,108.1408,3.1289,2.4142,-5.4048,5
gu471,1866.225,258.7679,8.7155,3.531,0.0883,91.5625,131.7271,254.6415,3.3199,3.428,3.8642,3.9834,4.9707,0.2782,107.7336,3.1779,2.3998,-5.3713,5
gu471,1866.25625,259.2715,8.7193,3.5069,0.1572,91.696,133.1779,256.0298,3.3555,3.4726,3.8557,3.9686,4.7119,0.2807,106.2133,3.4521,2.4423,-5.319,5
gu471,1866.2875,259.1406,8.7106,3.5638,0.1852,91.9759,132.8341,256.6606,3.4331,3.5625,3.8226,3.9559,4.5422,0.2741,105.1493,3.6803,2.4892,-5.3,5
gu471,1866.31875,258.5052,8.6876,3.5646,0.1524,92.7281,131.5826,257.6695,3.5395,3.6775,3.7794,3.9117,4.8872,0.2614,103.9332,3.5629,2.4967,-5.281,5
gu471,1866.35,257.9958,8.6636,3.5094,0.1182,92.6141,130.1274,258.0475,3.6722,3.8123,3.7207,3.8854,5.3695,0.2443,102.7167,3.3702,2.4595,-5.3096,5
gu471,1866.38125,257.3599,8.6652,3.6209,0.1075,90.0891,128.0701,258.9316,3.8674,4.0029,3.6867,3.8008,4.7327,0.2292,101.855,3.2143,2.3334,-5.4195,5
gu471,1866.4125,256.9777,8.6745,3.8375,0.18,85.9459,125.2234,259.4363,4.2106,4.3444,3.9351,3.969,3.9907,0.2287,100.5373,3.5735,2.3,-5.6337,5
gu471,1866.44375,257.101,8.6751,4.6115,0.2084,81.6721,121.121,260.3177,4.8116,4.9581,4.5602,4.5948,3.6754,0.2268,99.8773,3.873,2.3339,-5.9429,5
gu471,1866.475,257.8574,8.6488,6.6157,0.1272,77.9563,114.0189,260.3172,5.767,5.9616,5.5946,5.7485,3.741,0.206,99.4196,3.4893,2.3526,-6.3194,5
gu471,1866.50625,258.3615,8.6063,10.0058,0.0499,74.753,103.0879,260.3127,7.0304,7.3245,7.0966,7.4505,7.8219,0.1723,99.1635,3.0338,2.3985,-6.667,5
gu471,1866.5375,259.2439,8.5746,14.5599,0.0615,72.1469,91.0006,260.438,8.1496,8.5655,9.4899,9.8965,19.0256,0.1434,99.2618,2.9942,2.5346,-6.9002,5
gu471,1866.56875,260.0008,8.5697,15.7082,0.073,71.4205,82.6675,260.8138,8.416,8.883,12.4298,13.1236,31.2226,0.15,99.5113,2.9804,2.6029,-6.9854,5
gu471,1866.6,260.2521,8.5839,12.7573,0.1097,72.7939,81.5532,260.8125,7.695,8.1219,12.4248,12.97,28.1176,0.2046,99.7618,3.0026,2.6056,-6.7476,5
gu471,1866.63125,260.8823,8.6046,8.9471,0.1931,75.5172,87.8939,261.0612,6.5899,6.9491,10.1833,10.2149,19.833,0.2547,100.4148,3.1691,2.6206,-6.3089,5
gu471,1866.6625,260.6258,8.627,6.1623,0.2733,78.9319,99.1339,261.0599,5.6042,5.9103,8.0235,8.042,11.9935,0.2423,100.6657,3.5519,2.6273,-5.8375,5
gu471,1866.69375,259.8633,8.6528,4.9979,0.3131,82.0453,111.2148,260.9279,4.9016,5.169,6.327,6.3698,6.2944,0.2355,101.1178,4.0737,2.5922,-5.3657,5
gu471,1866.725,258.9736,8.6794,4.3502,0.3254,84.2544,120.6401,260.9279,4.4605,4.6999,5.2832,5.3704,4.5817,0.2401,101.621,4.5743,2.5258,-4.976,5
gu471,1866.75625,258.0844,8.7106,4.1133,0.3427,85.3906,125.8176,260.5445,4.2271,4.4402,4.6096,4.6556,3.8277,0.2345,102.3761,4.9026,2.4991,-4.7762,5
gu471,1866.7875,257.1948,8.7329,4.2368,0.3442,85.4047,126.0723,260.289,4.1471,4.3399,4.2618,4.3468,3.3667,0.2319,103.2327,4.9497,2.5312,-4.7525,5
gu471,1866.81875,256.4323,8.7302,4.4895,0.3084,84.6761,123.0653,259.7772,4.1756,4.3545,4.3191,4.3566,3.1613,0.238,104.0387,4.5107,2.5677,-4.8096,5
gu471,1866.85,255.5422,8.7061,4.8454,0.2775,84.2453,120.348,259.7772,4.2591,4.4351,4.6721,4.6593,3.6003,0.2289,105.1977,4.0293,2.5731,-4.9144,5
gu471,1866.88125,255.1609,8.6745,5.2997,0.2939,84.4964,119.2261,259.3947,4.3286,4.5063,4.994,5.1226,4.7321,0.2207,105.8525,3.9622,2.5751,-4.9618,5
gu471,1866.9125,254.7782,8.6472,5.5141,0.3299,84.9365,118.9901,258.8833,4.3202,4.499,5.1488,5.27,5.8147,0.2225,106.9619,4.2988,2.5935,-4.8571,5
gu471,1866.94375,254.5216,8.6363,5.1255,0.3457,85.4047,119.6915,258.5025,4.2214,4.3991,5.1518,5.2678,7.2563,0.2172,107.7683,4.5212,2.5986,-4.7474,5
gu471,1866.975,254.5193,8.6319,4.8141,0.3428,86.118,121.4956,258.2462,4.0845,4.2599,4.9986,5.1581,7.6912,0.213,108.9783,4.6508,2.587,-4.5854,5
gu471,1867.00625,254.515,8.627,4.5598,0.3107,86.7688,123.9197,257.7375,3.9788,4.1533,4.8282,4.8736,6.8289,0.2145,109.8855,4.4669,2.5598,-4.3567,5
gu471,1867.0375,254.7654,8.6232,4.485,0.2636,86.948,126.1471,257.4811,3.9429,4.1189,4.7032,4.6586,6.3223,0.2297,111.2476,4.0237,2.5458,-4.1857,5
gu471,1867.06875,255.0167,8.6221,4.7142,0.1997,86.7743,126.8366,257.2256,3.9735,4.1527,4.6317,4.7005,5.7713,0.243,112.3063,3.539,2.5258,-4.1619,5
gu471,1867.1,255.0114,8.6205,4.8395,0.1209,86.1734,124.9269,257.3495,4.0342,4.2155,4.6916,4.9404,5.7475,0.243,113.5168,3.1666,2.4695,-4.1667,5
gu471,1867.13125,255.2633,8.6227,4.8186,0.0796,85.1711,121.9685,257.3446,4.0804,4.2621,4.7772,5.002,6.7371,0.2392,114.7272,3.0114,2.4139,-4.1811,5
gu471,1867.1625,255.2614,8.6243,4.8001,0.1563,84.5234,120.1879,257.2167,4.0893,4.269,4.8436,4.9996,7.6207,0.2375,115.5342,3.3792,2.4599,-4.2383,5
gu471,1867.19375,255.3832,8.621,4.6678,0.249,84.6451,120.2315,256.8341,4.0691,4.2487,4.9403,5.093,7.775,0.2367,116.8958,4.0236,2.5531,-4.319,5
gu471,1867.225,255.3813,8.6134,4.6268,0.2541,85.182,121.6862,255.6919,4.04,4.2247,4.9644,5.048,7.7394,0.2456,118.2073,4.1728,2.5961,-4.3571,5
gu471,1867.25625,255.3785,8.6014,4.6023,0.2367,85.8344,123.0951,254.1702,4.0134,4.2087,4.8567,4.8488,7.7558,0.2484,120.0239,3.9719,2.6069,-4.3286,5
gu471,1867.2875,255.3756,8.5894,4.4896,0.2572,86.3282,123.3386,251.8885,3.9949,4.2051,4.713,4.6993,7.7145,0.2436,121.3363,3.9538,2.6153,-4.3237,5
gu471,1867.31875,255.2457,8.585,4.3218,0.2569,86.4094,123.6347,248.3405,4.0001,4.2272,4.5407,4.5592,7.9306,0.2375,122.9006,4.0191,2.5678,-4.2237,5
gu471,1867.35,254.9896,8.5883,4.2664,0.2661,85.924,125.9121,249.8572,4.0651,4.3091,4.3893,4.3911,8.1114,0.2285,124.6666,4.2493,2.5228,-4.1667,5
gu471,1867.38125,254.8596,8.5937,4.5393,0.2895,84.8592,129.2382,251.5001,4.234,4.4925,4.4687,4.4319,7.6356,0.2273,126.3821,4.5394,2.5323,-4.181,5
gu471,1868.4125,256.9166,8.6128,4.8872,0.2793,84.7719,115.7754,260.145,4.1771,4.4522,5.1441,5.2989,8.5872,0.2275,120.7766,4.0881,2.5074,-2.9709,14
gu471,1868.44375,256.9138,8.6238,4.5094,0.2772,85.9964,119.9492,260.0165,3.9929,4.2659,5.18,5.1956,7.4017,0.2367,118.7518,3.96,2.4732,-2.7761,14
gu471,1868.475,255.7713,8.6363,4.3469,0.2685,87.1199,124.8038,259.8859,3.8416,4.1089,4.9886,5.0363,6.7054,0.2429,117.2831,4.017,2.4337,-2.6952,14
gu471,1868.50625,253.8682,8.6527,4.279,0.2752,88.1047,128.9886,259.8841,3.7098,3.9638,4.6698,4.8002,6.7667,0.2441,115.3589,4.2638,2.4272,-2.7287,14
gu471,1868.5375,252.8524,8.674,4.1339,0.2745,88.6519,132.5927,259.6282,3.5775,3.8119,4.3817,4.6015,7.0383,0.2457,113.3341,4.2883,2.4269,-2.8096,14
gu471,1868.56875,252.7234,8.6958,3.9055,0.2703,88.9109,135.0024,259.1181,3.4449,3.655,4.1797,4.4862,6.524,0.2594,110.3475,4.216,2.4401,-2.9241,14
gu471,1868.6,252.9738,8.7095,3.6284,0.2486,89.8421,135.6418,258.9893,3.3277,3.514,4.012,4.3234,5.7489,0.2744,109.2841,4.0901,2.4551,-3.043,14
gu471,1868.63125,253.3508,8.7127,3.4064,0.1985,91.0505,133.9607,258.8599,3.2434,3.4108,3.7822,4.0798,5.2707,0.2828,107.1578,3.771,2.4472,-3.1095,14
gu471,1868.6625,253.8534,8.7062,3.337,0.1555,91.4656,129.4359,258.8572,3.2017,3.3571,3.5409,3.8805,4.949,0.2702,105.031,3.5228,2.4142,-3.1095,14
gu471,1868.69375,254.23,8.6833,3.3419,0.1805,91.2965,123.815,258.8528,3.2086,3.3614,3.4303,3.7402,4.8526,0.2541,103.8155,3.6617,2.4073,-3.0951,14
gu471,1868.725,255.1102,8.6663,3.4017,0.2135,90.9563,119.3397,258.9772,3.2697,3.4292,3.4297,3.7123,4.9046,0.259,102.1431,3.8778,2.4218,-2.9949,14
gu471,1868.75625,255.1102,8.6527,3.5838,0.194,90.1467,116.2177,259.1024,3.3893,3.5639,3.506,3.751,4.8535,0.2523,101.0788,3.686,2.4329,-2.8569,14
gu471,1868.7875,255.3615,8.6434,3.7586,0.1495,88.7914,113.6707,259.3525,3.5683,3.7589,3.6411,3.9185,4.8303,0.2298,100.0145,3.3669,2.4467,-2.7095,14
gu471,1868.81875,255.9903,8.6412,4.0252,0.142,86.8734,110.6929,259.7297,3.8071,4.0134,3.8273,4.1368,5.0811,0.2189,98.9502,3.3172,2.4833,-2.6239,14
gu471,1868.85,256.7453,8.6308,4.5832,0.1571,84.4146,106.4986,259.9794,4.11,4.3291,4.1461,4.4995,5.6085,0.1973,98.5439,3.3483,2.52,-2.6667,14
gu471,1868.88125,256.7453,8.6161,5.3473,0.1845,82.25,101.6353,260.1047,4.4692,4.7062,4.7371,5.1306,6.0169,0.179,96.9718,3.4758,2.5599,-2.6715,14
gu471,1868.9125,257.247,8.5997,6.2491,0.1784,80.8663,97.3859,260.4814,4.8456,5.1015,5.4415,5.9402,6.5818,0.1828,96.6676,3.5581,2.5743,-2.7239,14
gu471,1868.94375,257.4984,8.5844,6.9661,0.1352,79.8944,94.6783,260.7311,5.1477,5.4222,5.9451,6.5979,8.0286,0.1819,96.0582,3.3998,2.5613,-2.8095,14
gu471,1868.975,257.874,8.5741,6.9607,0.0989,79.1891,94.8487,260.7293,5.2939,5.5658,6.2279,6.9114,10.5275,0.187,95.1451,3.2118,2.5435,-2.819,14
gu471,1869.00625,257.874,8.5692,6.4751,0.0856,79.1809,97.2848,260.8519,5.2854,5.5413,6.3218,6.9548,10.9427,0.1972,93.7752,3.1401,2.5365,-2.7809,14
gu471,1869.0375,258.123,8.5642,5.9384,0.056,80.1562,100.2083,260.9763,5.2093,5.4408,6.2163,6.6941,9.3887,0.1996,93.4709,3.1758,2.5111,-2.6903,14
gu471,1869.06875,258.2482,8.5637,5.5054,0.0317,81.2336,103.6272,261.1006,5.1605,5.3739,5.8651,6.1848,8.5328,0.2063,92.9121,3.2278,2.4865,-2.6237,14
gu471,1869.1,258.4971,8.5615,5.3874,0.0419,81.5684,107.0497,260.9709,5.1988,5.4003,5.4725,5.832,7.9068,0.2067,92.1502,3.2177,2.5024,-2.581,14
gu471,1869.13125,258.4952,8.5593,5.4615,0.0821,81.3516,109.4786,260.8412,5.3505,5.548,5.3368,5.7483,7.6209,0.2028,91.7439,3.0836,2.5595,-2.6096,14
gu471,1869.1625,258.618,8.5539,5.8346,0.0998,80.6801,110.213,260.7127,5.6165,5.8241,5.5161,5.8626,7.793,0.201,91.1842,2.9867,2.5887,-2.6526,14
gu471,1869.19375,258.7418,8.5446,6.3258,0.0642,79.7531,107.9522,260.3302,5.979,6.2068,5.9423,6.168,8.1041,0.1943,90.9287,2.8717,2.5518,-2.7956,14
gu471,1869.225,258.7399,8.5348,6.8175,0.0281,78.9516,102.5894,259.6939,6.4096,6.6582,6.4003,6.6097,8.4704,0.1865,90.8248,2.7836,2.5139,-2.9765,14
gu471,1869.25625,258.9894,8.526,7.1991,0.0352,78.3321,96.151,258.9315,6.8781,7.1243,6.7608,6.9765,9.2492,0.184,90.7719,2.7224,2.5188,-3.2286,14
gu471,1869.2875,258.987,8.5206,7.5579,0.0419,77.7219,90.0964,258.0424,7.3921,7.6102,7.2022,7.2925,10.4849,0.1858,90.8197,2.651,2.5161,-3.5338,14
gu471,1869.31875,259.1089,8.5189,8.1602,0.0472,76.9757,84.6381,257.153,8.0194,8.1863,7.915,7.8787,11.512,0.1848,91.1202,2.6242,2.52,-3.934,14
gu471,1869.35,259.3578,8.5195,9.1736,0.0411,76.2172,80.1191,255.8827,8.8464,8.9652,8.8599,8.7822,11.5353,0.1789,91.269,2.5945,2.5105,-4.5161,14
gu471,1869.38125,259.3578,8.5195,11.1858,0.0203,75.4605,76.6163,255.6285,9.921,10.0105,9.8359,9.7899,11.4249,0.1703,91.5686,2.551,2.4779,-5.2726,14
gu471,1869.4125,259.4821,8.5157,13.8235,0.0085,74.6289,73.4261,254.9927,11.1484,11.2559,10.9289,11.0072,12.7421,0.1601,91.8686,2.5269,2.4544,-6.2571,14
gu471,1869.44375,259.7315,8.4993,16.2178,0.0224,73.9547,70.5913,255.4965,12.2997,12.4683,12.4352,12.7814,15.8651,0.1572,91.9679,2.5012,2.4577,-7.3729,14
gu471,1869.475,259.8544,8.4731,17.7486,0.0397,73.8021,68.64,256.7592,13.1174,13.3573,14.1217,14.5964,21.8477,0.1589,92.1158,2.5637,2.4636,-8.5966,14
gu471,1869.50625,259.9786,8.4364,18.3312,0.0524,74.2469,67.1933,257.6433,13.4922,13.7689,15.6087,15.8331,26.4067,0.1622,92.2141,2.7217,2.467,-9.7644,14
gu471,1869.5375,259.9767,8.4032,17.5947,0.0447,75.087,65.6715,258.2738,13.5048,13.766,16.4158,16.5914,26.9873,0.1684,92.2122,2.6791,2.4401,-10.7772,14
gu471,1869.56875,260.3523,8.3846,16.7883,0.0305,76.1388,63.7893,259.2832,13.2934,13.5108,16.0312,16.3881,25.1222,0.167,92.1589,2.4838,2.4013,-11.6333,14
gu471,1869.6,260.4761,8.3803,16.0808,0.0308,77.1844,61.5893,259.6613,12.9573,13.1255,15.0947,15.1198,22.0159,0.1651,92.0532,2.4403,2.3926,-12.3675,14
gu471,1869.63125,260.6013,8.3846,15.1093,0.0435,77.9615,59.3831,260.1646,12.5688,12.7184,14.6397,14.3725,22.9398,0.1668,92.0012,2.4695,2.4075,-13.0006,14
gu471,1869.6625,260.7246,8.3895,14.1449,0.0599,78.4437,58.1273,260.2881,12.2075,12.345,13.9895,14.0765,25.7828,0.1687,91.8973,2.4763,2.4237,-13.4579,14
gu471,1869.69375,260.8479,8.3923,13.3677,0.0628,78.7528,58.3563,260.2841,11.9805,12.0982,12.8077,12.932,21.2054,0.1712,91.8426,2.4047,2.4184,-13.7912,14
gu471,1869.725,260.9712,8.3906,12.9064,0.0541,78.6304,58.4128,260.2823,12.0119,12.1028,12.007,11.8058,17.5613,0.1741,91.8408,2.3615,2.4069,-14.3238,14
gu471,1869.75625,260.9693,8.3852,13.4899,0.0506,77.9344,56.3712,260.1539,12.43,12.5268,12.2862,11.8272,18.9218,0.168,91.787,2.3294,2.4081,-14.8674,14
gu471,1869.7875,261.0926,8.3732,15.2801,0.0489,77.1902,52.7571,259.7713,13.2983,13.4801,13.7184,13.2409,15.9603,0.1581,91.8347,2.3953,2.4237,-15.4342,14
gu471,1869.81875,261.2159,8.3552,18.6421,0.0356,76.8562,49.2957,258.374,14.513,14.8881,15.4331,14.8727,15.0432,0.161,91.8829,2.5016,2.427,-16.1352,14
gu471,1869.85,261.2131,8.3388,22.4987,0.0322,76.9461,47.4568,257.9928,15.7202,16.4065,16.9514,16.8005,20.8878,0.1633,92.132,2.5918,2.4294,-16.9102,14
gu471,1869.88125,261.3373,8.3268,25.2797,0.0452,77.2773,48.0523,256.343,16.4712,17.5097,18.8458,19.4567,34.0775,0.16,92.3323,2.5454,2.4391,-17.4619,14
gu471,1869.9125,260.828,8.3213,25.4462,0.0512,77.8344,49.9682,255.3282,16.6088,17.9818,20.7062,21.4093,39.0867,0.1543,92.6829,2.4545,2.4397,-17.7905,14
gu471,1869.94375,260.3186,8.3202,24.3097,0.0478,78.5819,51.5323,254.1859,16.4011,18.0643,21.9019,22.4381,32.1263,0.1511,93.1846,2.3391,2.4167,-17.8284,14
gu471,1869.975,259.9359,8.3202,23.5954,0.0447,79.075,52.2944,257.6017,16.192,18.0916,21.9102,22.1205,28.7889,0.156,93.5876,2.2593,2.3872,-17.6419,14
gu471,1870.00625,260.7064,8.3164,24.2428,0.0469,79.0996,51.8921,253.7266,16.1413,18.2098,21.2745,21.7245,26.7062,0.1575,93.8287,2.2237,2.3738,-17.2374,14
gu471,1870.0375,259.9451,8.312,25.159,0.0559,78.9167,50.1831,256.8795,16.2001,18.2969,21.2446,21.9538,27.8144,0.1574,94.9352,2.2758,2.3819,-16.6714,14
gu471,1870.06875,259.1854,8.3066,26.6829,0.0556,78.5453,48.1528,258.6452,16.1063,18.0354,22.3115,23.0716,29.6981,0.1576,95.2362,2.2892,2.3841,-15.8798,14
gu471,1870.1,258.5519,8.3044,28.3469,0.0503,77.937,47.6506,260.2844,15.3636,16.9112,25.0054,25.6756,31.1798,0.1591,95.688,2.2297,2.3798,-14.9222,14
gu471,1870.13125,257.7929,8.3077,25.4751,0.0457,77.5437,50.5508,261.6714,13.5306,14.6017,27.2331,28.9058,32.7148,0.1635,96.1403,2.1978,2.3795,-13.5859,14
gu471,1870.1625,256.6538,8.3209,18.1112,0.0463,78.004,58.3303,262.8059,10.8591,11.5283,22.1344,26.1624,33.6323,0.1644,96.4409,2.2627,2.3937,-11.6974,14
gu471,1870.19375,255.6422,8.3655,11.5504,0.0543,79.6559,71.8405,263.688,8.2761,8.6808,14.4574,17.5203,35.0782,0.1685,96.6909,2.4406,2.4204,-9.5762,14
gu471,1870.225,254.8835,8.4328,7.1109,0.113,81.9422,89.7897,263.8123,6.3516,6.6146,9.6324,11.3078,31.2189,0.1798,97.0916,2.8203,2.4547,-7.4024,14
gu471,1870.25625,253.7454,8.5048,4.9264,0.2279,83.9128,108.2828,263.0535,5.1271,5.3211,7.0337,7.939,16.0598,0.1894,97.3421,3.5324,2.4952,-5.4552,14
gu471,1870.2875,251.8488,8.56,4.1372,0.3127,85.45,122.6132,261.7894,4.4308,4.5977,5.7109,6.1204,8.8045,0.1957,97.6431,4.2607,2.5376,-3.8833,14
gu471,1870.31875,250.0789,8.5823,3.991,0.3057,86.922,129.6848,260.0204,4.0797,4.2366,4.95,5.3336,7.0216,0.205,98.0949,4.36,2.5494,-2.8851,14
gu471,1870.35,249.5732,8.5817,4.2139,0.2839,88.2726,130.4801,257.3672,3.9308,4.0862,4.4012,4.8634,6.0104,0.223,98.3454,4.1791,2.5479,-2.3714,14
gu471,1870.38125,247.298,8.5773,4.316,0.2999,88.8766,128.1237,255.7246,3.8791,4.0332,4.0732,4.5197,6.4143,0.2534,98.7972,4.3051,2.5358,-2.1523,14
gu471,1870.4125,245.7818,8.5763,4.2993,0.3145,88.3424,124.3888,253.8294,3.8751,4.0268,3.9297,4.3529,7.4206,0.2787,99.1989,4.5274,2.522,-2.057,14
gu471,1870.44375,243.5071,8.5773,4.295,0.2686,87.2297,119.7158,250.0393,3.9321,4.0809,3.9285,4.4139,7.2577,0.2682,99.7509,4.2126,2.5063,-1.9715,14
gu471,1870.475,241.7381,8.5801,4.4445,0.1805,86.1784,114.2617,248.3971,4.0991,4.2486,4.1429,4.65,6.315,0.256,100.0018,3.6167,2.5175,-2.0098,14
gu471,1870.50625,239.3372,8.5839,5.0798,0.0869,85.0452,108.2513,246.123,4.4116,4.5698,4.5822,5.0804,5.9252,0.2545,100.3029,3.159,2.5143,-2.2524,11
gu471,1870.5375,237.6944,8.5828,6.2177,0.0479,83.6297,103.0055,244.1018,4.8547,5.0335,5.1237,5.6579,6.3069,0.2435,100.8563,3.0377,2.5099,-2.4907,11
gu471,1870.56875,236.4297,8.5779,7.2128,0.0586,82.2297,99.4569,240.6916,5.3467,5.5557,5.6007,6.6005,7.9497,0.233,101.3086,2.9786,2.5078,-2.6144,11
gu471,1870.6,235.7965,8.5713,7.6444,0.143,81.0125,96.4255,238.0388,5.7936,6.0281,6.028,7.264,10.4945,0.221,101.7609,3.1962,2.5805,-2.6905,11
gu471,1870.63125,235.7945,8.5626,7.6847,0.1859,80.1317,93.5373,234.7542,6.208,6.4524,6.9468,7.878,11.5028,0.2077,102.3144,3.3446,2.6123,-2.7094,11
gu471,1870.6625,237.9387,8.5561,8.0837,0.1384,79.6969,91.5786,232.8589,6.7001,6.9473,8.3222,8.9579,10.3111,0.1967,102.7161,3.049,2.5402,-2.6571,11
gu471,1870.69375,240.84,8.5544,9.1344,0.1023,79.6734,88.8699,230.5848,7.3437,7.5916,9.228,10.158,9.0458,0.1883,103.876,2.7848,2.487,-2.576,11
gu471,1870.725,244.3728,8.5561,11.2038,0.1214,79.814,83.9483,227.6795,7.9884,8.2366,9.328,10.4247,11.097,0.1893,104.9863,2.8799,2.5042,-2.4475,11
gu471,1870.75625,247.2748,8.5615,13.1027,0.1521,79.6969,78.7539,225.9107,8.2479,8.4993,9.8028,10.8463,23.3679,0.1948,106.5514,3.1697,2.5319,-2.3666,11
gu471,1870.7875,252.5744,8.567,11.3404,0.1789,79.7192,76.2739,221.2374,7.8687,8.1435,10.3894,11.785,35.4418,0.1867,108.5721,3.346,2.5492,-2.3331,11
gu471,1870.81875,256.6126,8.5697,9.3892,0.1959,80.5563,79.2668,218.5846,7.0562,7.359,9.6414,10.9525,20.4498,0.1745,111.3511,3.4244,2.5533,-2.1429,11
gu471,1870.85,260.7767,8.5697,7.068,0.2244,81.8594,88.3036,216.942,6.1835,6.4969,7.5057,8.4183,15.5821,0.1775,114.1301,3.6249,2.5666,-1.8473,11
gu471,1870.88125,265.4455,8.5681,5.8127,0.2424,82.8288,100.0036,215.1728,5.4883,5.7853,5.7905,6.2055,13.0108,0.193,117.82,3.7858,2.556,-1.619,11
gu471,1870.9125,269.61,8.5686,5.2927,0.2463,83.3969,110.1258,218.201,5.0661,5.336,5.0428,5.472,7.3872,0.2049,123.179,3.7725,2.5284,-1.5904,11
gu471,1870.94375,275.4147,8.5724,5.1888,0.2313,83.2739,115.9173,226.279,4.9436,5.1899,4.7357,5.1532,6.5269,0.2089,127.4759,3.6412,2.5034,-1.5334,11
gu471,1870.975,279.2005,8.5801,5.6433,0.2206,81.5404,116.4559,235.7454,5.1328,5.3729,4.806,5.0347,6.428,0.2037,133.0878,3.5201,2.5236,-1.6286,11
gu471,1895.81875,217.4693,8.6418,3.8116,0.2847,93.8306,118.7338,226.2785,2.7016,2.8441,3.2843,3.7525,6.896,0.2166,134.046,4.6827,2.5485,3.0096,5
gu471,1895.85,217.2155,8.6592,4.2199,0.2697,92.0547,118.8181,224.507,2.8758,3.0201,3.8068,4.3188,6.3809,0.2186,132.5775,4.7428,2.5422,3.0572,5
gu471,1895.88125,216.8346,8.6783,4.5788,0.2364,90.3623,116.0273,223.2411,3.0901,3.2324,4.1597,4.6686,7.9422,0.2148,131.1095,4.4567,2.5704,3.119,5
gu471,1895.9125,216.4531,8.6975,5.4524,0.2103,88.3654,111.8737,222.3549,3.312,3.4509,4.3943,4.9706,9.7905,0.2059,128.6798,4.2408,2.608,3.0667,5
gu471,1895.94375,216.5775,8.716,5.9026,0.208,86.8547,110.1023,221.5948,3.4727,3.6121,4.6928,5.4504,8.4069,0.1996,127.0593,4.0233,2.6444,3.0333,5
gu471,1895.975,216.5758,8.7407,5.9733,0.1998,86.6305,111.2006,221.2133,3.5115,3.6545,4.7536,5.3392,7.3886,0.2016,125.7424,3.8173,2.6508,3.0382,5
gu471,1896.00625,217.0788,8.7762,5.8042,0.189,87.2672,112.9292,221.0858,3.4247,3.5727,4.6781,5.1257,7.2529,0.2015,124.5771,3.7268,2.6432,3.0809,5
gu471,1896.0375,217.4563,8.8241,5.1266,0.1875,88.318,113.7268,221.5897,3.2557,3.4061,4.3092,4.8261,6.2554,0.2067,123.8672,3.7819,2.6281,3.1048,5
gu471,1896.06875,217.9599,8.8744,4.6365,0.2058,89.9262,113.6844,223.989,3.0569,3.2069,3.871,4.5044,5.9255,0.2204,122.9031,3.8285,2.6224,3.1,5
gu471,1896.1,218.9684,8.9175,4.285,0.2395,92.2172,113.7387,225.3782,2.865,3.0111,3.5574,4.1354,6.5194,0.2231,122.3447,4.0238,2.6235,3.1334,5
gu471,1896.13125,219.8512,8.9377,3.8154,0.2526,94.0554,114.344,228.2831,2.7066,2.8474,3.2602,3.744,5.9801,0.2245,121.4316,4.1368,2.5994,3.1952,5
gu471,1896.1625,221.1135,8.9262,3.5995,0.2667,94.6438,114.9457,230.1776,2.6016,2.7356,3.1017,3.4309,4.9005,0.23,120.4675,4.2834,2.5918,3.1952,5
gu471,1896.19375,223.2593,8.8951,3.5199,0.2653,94.9949,115.2779,231.8191,2.5575,2.6847,3.1249,3.4633,4.738,0.2393,119.6551,4.3034,2.5987,3.1714,5
gu471,1896.225,224.9008,8.8591,3.6002,0.246,95.4877,115.262,233.2078,2.564,2.6863,3.216,3.6431,4.5494,0.2527,119.3504,4.1663,2.6145,3.262,5
gu471,1896.25625,227.1736,8.829,3.9229,0.2309,95.675,114.5057,234.4701,2.5911,2.7117,3.3528,3.9313,5.0275,0.2543,118.7915,4.1144,2.6309,3.319,5
gu471,1896.2875,227.9307,8.817,4.0787,0.2307,95.7412,112.4569,233.8356,2.6005,2.72,3.421,3.9579,5.5659,0.2492,120.6053,4.1499,2.635,3.2809,5
gu471,1896.31875,229.4458,8.811,4.085,0.23,96.2609,108.951,233.0761,2.5662,2.6813,3.3815,3.7988,5.5549,0.249,120.15,4.1458,2.6341,3.2525,5
gu471,1896.35,231.5923,8.8088,3.818,0.2264,97.8038,106.3978,231.6834,2.4937,2.6009,3.2377,3.7103,5.2981,0.2504,118.6806,4.1851,2.6318,3.3143,5
gu471,1896.38125,232.9807,8.8066,3.3857,0.2071,100.0162,108.2375,231.4295,2.4117,2.5105,3.0026,3.5364,4.6888,0.2602,118.0212,4.0768,2.5936,3.3191,5
gu471,1896.4125,234.7477,8.8072,3.2007,0.2161,101.7422,113.819,232.0593,2.3537,2.4446,2.9268,3.3306,4.3621,0.2756,117.2097,4.075,2.5824,3.362,5
gu471,1896.44375,236.2632,8.8034,3.1379,0.2277,102.5423,119.1272,232.816,2.3339,2.4187,2.9969,3.2598,4.1734,0.2753,116.5493,4.2503,2.5879,3.4622,5
gu471,1896.475,237.9041,8.7843,3.2478,0.211,102.6547,120.8045,233.8258,2.3471,2.4267,3.008,3.4508,4.0707,0.2674,115.9895,4.2081,2.5743,3.5905,5
gu471,1896.50625,238.9136,8.7657,3.6553,0.2196,102.3121,118.3857,234.7092,2.3686,2.4436,3.0158,3.607,5.3163,0.2639,115.7854,4.1544,2.576,3.6095,5
gu471,1896.5375,240.1757,8.7575,3.8622,0.2524,101.4875,115.3399,237.3605,2.3706,2.4428,3.0701,3.638,5.699,0.2583,115.5803,4.1685,2.5784,3.5951,5
gu471,1896.56875,240.9321,8.7591,3.8765,0.2672,100.2031,115.3669,237.9919,2.3426,2.415,3.1652,3.7121,4.6995,0.2576,115.4758,4.1393,2.5642,3.5428,5
gu471,1896.6,241.6885,8.7744,3.7305,0.2631,99.5932,118.379,240.6435,2.2941,2.3691,3.1652,3.7184,4.5145,0.2584,115.5734,4.1137,2.5466,3.4665,5
gu471,1896.63125,242.3186,8.7886,3.4338,0.2555,100.4047,122.7318,241.2747,2.2384,2.3173,2.9703,3.564,4.527,0.2598,115.621,4.1688,2.5341,3.4048,5
gu471,1896.6625,242.8215,8.7924,3.2385,0.2649,101.7625,126.5364,242.537,2.1819,2.2652,2.7453,3.3785,4.4653,0.2695,115.7696,4.3222,2.5413,3.4238,5
gu471,1896.69375,243.4503,8.7864,3.0509,0.2797,103.0231,127.5975,244.3041,2.1316,2.2196,2.6113,3.1296,4.2329,0.2798,115.9178,4.4368,2.5411,3.5145,5
gu471,1896.725,243.7018,8.7788,2.9364,0.2732,103.9859,125.3681,244.8089,2.0999,2.1928,2.5709,3.0526,3.8651,0.2801,116.167,4.342,2.5139,3.6572,5
gu471,1896.75625,243.8272,8.7684,2.8741,0.2608,104.1256,121.0875,245.9448,2.1024,2.1999,2.5707,3.0484,3.6473,0.2727,116.3166,4.1884,2.5123,3.7622,5
gu471,1896.7875,244.2035,8.7679,2.9041,0.2629,103.3187,117.2081,246.828,2.1488,2.2494,2.5789,3.0782,3.835,0.2713,116.5163,4.2231,2.5431,3.8762,5
gu471,1896.81875,244.2025,8.781,3.1084,0.2847,101.9858,115.9257,247.837,2.2397,2.3408,2.632,3.2089,4.2305,0.2675,117.0162,4.3247,2.5804,3.9143,5
gu471,1896.85,244.4527,8.7952,3.4541,0.2769,100.6402,116.9054,248.3415,2.3668,2.4649,2.8389,3.4381,4.7831,0.2514,117.2163,4.2444,2.5828,3.9333,5
gu471,1896.88125,244.0709,8.8039,3.7233,0.2396,98.9625,117.1821,248.3395,2.5214,2.6117,3.1597,3.7356,4.9837,0.2395,117.4165,4.1338,2.5842,3.919,5
gu471,1896.9125,243.6907,8.8132,4.2377,0.1717,96.6994,115.044,247.5797,2.6872,2.7699,3.5954,4.1131,5.036,0.2389,118.0685,4.0229,2.5708,3.8952,5
gu471,1896.94375,242.9296,8.823,4.8175,0.1546,94.925,112.2203,245.4287,2.8397,2.9163,4.0526,4.6493,5.8138,0.2393,118.2687,4.2823,2.5922,3.8905,5
gu471,1896.975,242.6755,8.8416,5.0165,0.2095,94.3066,111.3204,243.531,2.9356,3.0123,4.1977,4.9045,6.5259,0.2426,118.721,4.6062,2.6488,3.8762,5
gu471,1897.00625,242.2944,8.8678,5.1386,0.2566,94.4724,112.7578,240.4956,2.9382,3.0233,4.0711,4.7565,7.5254,0.2472,119.1223,4.6237,2.6521,3.862,5
gu471,1897.0375,241.5333,8.888,4.7469,0.2488,94.8672,114.6924,237.9659,2.8593,2.9551,3.8925,4.4819,7.888,0.2473,119.5246,4.4396,2.5836,3.9048,5
gu471,1897.06875,241.0257,8.8956,4.2242,0.2211,95.0441,115.7734,234.5513,2.7524,2.8556,3.7425,4.1706,6.302,0.2383,120.077,4.1121,2.5262,3.9237,5
gu471,1897.1,240.3921,8.9011,4.0053,0.1956,95.3453,116.5693,232.0216,2.6653,2.7711,3.6171,4.0333,5.0611,0.2407,120.3772,3.9253,2.4974,3.8762,5
gu471,1897.13125,239.6304,8.8874,3.8915,0.1924,96.3937,118.6366,230.6295,2.6082,2.7154,3.3843,3.8824,4.8601,0.2475,120.5764,3.9749,2.5072,3.881,5
gu471,1897.1625,239.3769,8.8607,3.7287,0.2064,97.6773,122.5075,229.9957,2.5638,2.6741,3.0936,3.608,5.0625,0.2517,119.0574,4.1396,2.5514,3.919,5
gu471,1897.19375,238.8677,8.8339,3.6335,0.1964,98.25,126.9351,230.4991,2.5156,2.6312,2.9766,3.4251,4.9682,0.2563,117.0327,4.0367,2.5608,3.8999,5
gu471,1897.225,238.6142,8.8165,3.4708,0.1909,98.1277,129.5555,231.6348,2.4703,2.5909,3.0127,3.407,4.3981,0.2531,115.059,4.0525,2.5543,3.8573,5
gu471,1897.25625,238.4859,8.8351,3.3238,0.1894,97.8313,128.9359,232.6446,2.4521,2.5749,3.0592,3.5256,3.8988,0.2528,111.9731,4.0648,2.5519,3.9382,5
gu471,1897.2875,238.3575,8.8792,3.4907,0.2073,97.5138,125.7571,234.16,2.4783,2.6001,3.1211,3.6784,4.4022,0.2528,108.584,4.0609,2.5617,4.0333,5
gu471,1897.31875,238.3552,8.9389,3.8888,0.2348,96.773,121.8472,237.1921,2.5457,2.6655,3.2384,3.77,5.2808,0.2514,105.0433,4.2185,2.5683,4.0619,5
gu471,1897.35,238.3532,8.9841,4.2718,0.2199,95.0984,119.2016,240.3505,2.6364,2.7542,3.4361,3.9969,5.3747,0.2533,102.918,4.3135,2.5359,4.0333,5
gu471,1897.38125,238.604,8.9796,4.6345,0.2018,93.294,118.4542,240.6011,2.7306,2.8474,3.6479,4.2399,5.4052,0.2472,100.3369,4.2645,2.5316,4.0048,5
gu471,1897.4125,238.9813,8.9387,4.7247,0.2082,92.2203,119.0026,240.2205,2.8193,2.9369,3.779,4.3209,5.409,0.2356,98.6664,4.274,2.562,4.0143,5
gu471,1897.44375,239.2321,8.8814,4.7276,0.2163,91.2554,119.8063,239.7129,2.9077,3.0318,3.9439,4.5064,4.9537,0.2344,97.4002,4.4077,2.5937,4.0238,5
gu471,1897.475,239.6081,8.8285,4.7265,0.1974,90.2776,119.8452,238.8256,3.0034,3.1392,4.1455,4.7798,4.5256,0.2371,96.0834,4.385,2.6033,4.0049,5
gu471,1897.50625,239.8596,8.8148,4.8,0.1759,89.9062,118.6911,238.4455,3.1012,3.2519,4.231,4.8909,4.4244,0.2344,94.7657,4.1741,2.6087,4.0763,5
gu471,1897.5375,240.1101,8.8203,4.9633,0.1632,90.174,116.5782,238.0646,3.1729,3.3364,4.176,4.8154,4.8389,0.2242,93.5995,4.064,2.597,4.1572,5
gu471,1897.56875,240.4867,8.8323,4.8901,0.2042,90.6937,114.8566,237.4312,3.1894,3.3619,4.0236,4.6189,5.4663,0.2267,93.0417,4.2657,2.6306,4.2095,5
gu471,1897.6,240.7385,8.8481,4.669,0.1997,90.9728,114.703,237.1764,3.1559,3.3303,3.8951,4.5143,5.5839,0.2309,92.0787,4.2778,2.6187,4.2429,5
gu471,1897.63125,240.989,8.8558,4.5355,0.1521,90.7401,115.6805,237.1744,3.114,3.288,3.9572,4.4061,5.3724,0.2205,91.1652,3.9677,2.5786,4.2524,5
gu471,1897.6625,241.2392,8.8629,4.5079,0.127,90.3438,116.2355,237.2995,3.107,3.2805,4.0446,4.4416,5.0407,0.2189,90.6069,3.8256,2.5674,4.2476,5
gu471,1897.69375,241.2386,8.852,4.6658,0.1543,90.2061,114.7286,237.5506,3.1504,3.3267,4.0222,4.5566,5.0128,0.2216,89.846,4.0346,2.6195,4.2431,5
gu471,1897.725,241.1099,8.8339,4.8352,0.1602,90.0031,111.1545,237.9281,3.2289,3.4082,3.9325,4.4008,6.1219,0.2152,89.0336,4.2311,2.6434,4.3237,5
gu471,1897.75625,240.4759,8.8148,5.0259,0.1496,89.1106,107.4934,238.1793,3.3172,3.4994,4.2018,4.5002,7.4429,0.2029,88.678,4.2265,2.6312,4.2762,5
gu471,1897.7875,239.3359,8.7919,5.3319,0.1311,87.6661,105.3897,238.4301,3.3986,3.5806,4.8653,5.2773,7.2586,0.1987,87.9666,4.0062,2.6042,4.1714,5
gu471,1897.81875,238.0695,8.7815,5.4624,0.1474,86.7844,105.1328,238.5549,3.4632,3.6405,5.1366,5.7367,5.9868,0.2035,88.0643,3.7862,2.6023,4.1476,5
gu471,1897.85,237.4362,8.7706,5.648,0.2182,87.1021,106.3695,238.5515,3.4844,3.6533,4.7314,5.3036,7.4259,0.1989,88.2139,3.8351,2.6279,4.1332,5
gu471,1897.88125,236.1698,8.752,5.5843,0.2946,87.5453,109.5233,238.5515,3.4357,3.5985,4.4684,4.8321,10.1028,0.1912,88.312,4.2405,2.65,4.0951,5
gu471,1897.9125,235.1562,8.7297,5.3007,0.3033,87.3772,115.3473,238.5498,3.3324,3.4916,4.5666,4.9176,8.1093,0.2018,88.5618,4.4831,2.6349,4.0524,5
gu471,1897.94375,234.5226,8.6876,4.9149,0.2397,87.6172,122.6526,238.4217,3.2207,3.3751,4.7008,5.0883,5.9851,0.2153,88.761,4.147,2.5794,4.119,5
gu471,1897.975,234.2674,8.6478,4.6728,0.1998,88.9391,128.2376,237.9139,3.1205,3.2694,4.3241,4.776,6.1434,0.2072,89.0603,3.8912,2.5665,4.1333,5
gu471,1898.00625,234.3922,8.6161,4.5589,0.2273,90.3397,129.608,237.4068,3.0149,3.1607,3.7891,4.2068,8.008,0.197,89.311,4.1205,2.6018,4.1571,5
gu471,1898.0375,235.4012,8.6041,4.1933,0.2527,90.8453,126.9677,236.5203,2.8927,3.0366,3.5213,4.0369,7.8994,0.2006,89.6107,4.1986,2.6152,4.1571,5
gu471,1898.06875,237.8003,8.6101,3.8577,0.2491,91.068,122.4923,235.254,2.7758,2.9155,3.4908,3.8597,5.8604,0.2068,90.1131,4.1303,2.6021,4.1762,5
gu471,1898.1,238.9364,8.6167,3.7375,0.2416,92.0421,118.7555,234.1151,2.7036,2.836,3.5475,3.7655,5.0558,0.2126,90.7671,4.1377,2.6147,4.2143,5
gu471,1898.13125,240.3252,8.6167,3.6828,0.2084,93.2281,116.7332,231.8375,2.6989,2.8235,3.5579,3.7534,4.9719,0.2168,91.6732,4.0414,2.5999,4.2429,5
gu471,1898.1625,242.5983,8.6117,4.0175,0.1948,93.3973,115.9907,230.0664,2.7555,2.8744,3.5924,3.9522,5.6131,0.2233,92.4783,3.9151,2.5867,4.2764,5
gu471,1898.19375,244.9978,8.6041,4.3774,0.2224,92.5234,115.8832,227.5362,2.8404,2.9602,3.8,4.2214,6.2552,0.2312,93.2338,3.9927,2.5896,4.3668,5
gu471,1898.225,246.8927,8.597,4.7421,0.2656,91.6292,115.2416,226.1443,2.9111,3.0355,4.1833,4.6607,5.9857,0.2293,94.1409,4.3133,2.6089,4.4762,5
gu471,1898.25625,249.5453,8.5921,4.8735,0.2584,92.0872,114.2757,224.499,2.9304,3.0565,4.3391,4.9458,5.7902,0.2308,95.5533,4.4589,2.5835,4.6479,5
gu471,1898.2875,251.8188,8.5894,4.6106,0.2443,94.4109,115.7225,224.118,2.8814,3.0031,3.9043,4.4357,6.0934,0.2346,98.7338,4.3866,2.5632,4.8812,5
gu471,1898.31875,254.5975,8.5948,4.1118,0.2733,97.2972,120.8732,227.7817,2.781,2.897,3.3914,3.7402,6.4756,0.235,107.3725,4.3872,2.5636,5.0621,5
gu471,1898.35,257.1238,8.603,3.5522,0.3031,98.8922,127.4056,230.3088,2.6843,2.7955,3.3357,3.5543,6.213,0.2336,112.3721,4.5755,2.5673,5.1525,5
gu471,1898.38125,259.9026,8.6139,3.3011,0.2678,99.0453,131.5957,236.5012,2.6496,2.7554,3.726,3.9181,5.1935,0.2369,119.1917,4.5235,2.5594,5.2048,5
