wellname,Depth,GR,SP,CAL,AC,CNL,DEN,LLD,LLS,MSFL,lith
long121,1663.225,77.0625,-10,10.6172,258.3581,22.13,2.3168,10.9854,11.4004,21.9531,4
long121,1663.25625,66.6244,-9.4998,10.6415,256.319,21.74,2.3377,8.8111,8.9243,21.6562,4
long121,1663.2875,65.875,-9.25,11.7969,254.1521,21.61,2.3586,5.8274,6.1357,17.681,4
long121,1663.31875,77.3846,-8.4998,12.4221,252.8767,21.69,2.3669,4.5863,4.9575,14.9792,4
long121,1663.35,89.3125,-8.25,12.6172,251.2184,22.03,2.364,3.5481,3.9056,12.8125,4
long121,1663.38125,97.3736,-8.5004,12.5923,249.9424,22.49,2.3601,3.6921,3.9251,9.125,4
long121,1663.4125,95.625,-9,10.6875,248.5384,23.04,2.3591,4.4952,4.5351,6.8672,4
long121,1663.44375,94.5607,-9.0002,10.6326,247.1345,23.75,2.3638,5.6311,5.5725,5.4023,4
long121,1663.475,92.3125,-9.25,10.4375,246.3678,24.41,2.3727,5.7763,5.7189,4.2561,4
long121,1663.50625,94.9375,-9.25,10.3672,245.6012,24.99,2.3937,5.2505,5.4183,3.5476,4
long121,1663.5375,95.3798,-9.5,10.4765,244.5788,24.01,2.4147,5.271,5.6675,3.0622,4
long121,1663.56875,101.375,-9.5,10.3984,244.0657,22.45,2.4804,7.2522,8.0807,2.9199,4
long121,1663.6,94.6785,-10,10.546,243.4255,19.98,2.5461,9.2672,10.0823,2.8008,4
long121,1663.63125,83.5,-10,9.4766,244.0563,18.16,2.5817,12.2056,13.0841,2.7031,4
long121,1663.6625,72.6871,-10.5006,8.9922,244.9421,15.35,2.6172,18.9854,19.9707,2.7031,4
long121,1663.69375,72.25,-11.25,9.0312,245.8264,12.53,2.6356,21.2255,22.1525,2.709,4
long121,1663.725,80.0657,-11.2498,9.0783,246.2058,9.95,2.654,12.0082,12.7331,2.7256,4
long121,1663.75625,84,-11,9.3438,246.963,6.6,2.6543,7.417,7.7757,3.152,4
long121,1663.7875,90.1884,-10.4994,10.3687,247.2144,4.72,2.6546,6.1747,6.2568,3.8262,4
long121,1663.81875,91.25,-9.75,12.2266,247.4637,4.64,2.6539,4.2701,4.3212,5.0234,4
long121,1663.85,90.3078,-9,12.656,247.8408,4.76,2.6532,3.9392,3.9205,7.3633,4
long121,1663.88125,84.4375,-9,12.4375,247.9636,5.62,2.6471,5.6149,5.2078,12.6596,4
long121,1663.9125,79.375,-9.25,11.3047,248.2128,6.22,2.6409,7.7263,6.9003,33.5025,4
long121,1663.94375,75.7525,-8.7504,10.0866,248.5885,9.44,2.6155,7.4735,7.0396,34.5313,4
long121,1663.975,78.875,-9.25,10.9844,248.9671,10.55,2.5744,5.9805,6.1117,34.5938,4
long121,1664.00625,87.0709,-8.9998,11.8126,249.9787,11.66,2.5401,5.0733,5.2689,33.4375,4
long121,1664.0375,97.5625,-8.75,11.8984,250.2308,12.53,2.5245,3.4828,3.8377,22.6406,4
long121,1664.06875,100.7502,-8.9998,11.6329,251.2431,13.15,2.4912,3.3819,3.7564,16.6094,4
long121,1664.1,100.9375,-8.75,11.7266,252.2561,13.47,2.4511,4.2506,4.7266,12.8318,4
long121,1664.13125,96.9986,-8.9998,11.1711,253.2691,13.43,2.4207,5.0938,5.5884,7.8344,4
long121,1664.1625,95.3125,-8.75,10.2344,254.027,12.87,2.4237,5.0835,5.5476,5.6025,4
long121,1664.19375,94.0006,-8.7498,11.0239,254.9128,12.26,2.4276,4.2272,4.7765,4.3555,4
long121,1664.225,94.8125,-8.5,11.6797,255.7993,11.77,2.4589,4.2172,4.814,4.4258,4
long121,1664.25625,90.3105,-8.4998,12.2961,257.3203,11.36,2.4861,6.4827,6.7777,4.7031,4
long121,1664.2875,87.875,-8.25,11.2891,258.4604,11.4,2.5238,7.2123,7.6704,5.2638,4
long121,1664.31875,87.625,-8.5,9.9297,259.8535,11.44,2.5339,7.1024,7.593,7.7559,12
long121,1664.35,92.9368,-8.4996,10.618,260.36,11.41,2.544,6.1024,6.9352,13.5132,12
long121,1664.38125,92.0625,-8,11.6484,262.2595,11.22,2.5515,4.8568,5.6694,38.5,12
long121,1664.4125,83.9299,-7.7504,11.452,262.6395,10.83,2.559,4.4457,5.0285,25.5312,12
long121,1664.44375,74.4375,-8.25,10.1172,263.779,10.3,2.5701,4.3152,4.8493,18.5312,12
long121,1664.475,75.2526,-8.5002,11.2658,264.9177,9.64,2.5811,4.1425,4.7646,14.2344,12
long121,1664.50625,78.4375,-8.75,11.4688,265.4241,8.61,2.5905,3.9869,4.8215,14.5179,12
long121,1664.5375,80.494,-8.5004,11.9294,266.8172,7.98,2.5999,4.3456,5.378,15.4977,12
long121,1664.56875,73,-9,11.5,267.5773,6.93,2.6113,8.5375,9.75,17.7737,12
long121,1664.6,66.3697,-10.0004,8.9765,268.8431,6.31,2.6227,18.9742,21.8267,21.125,12
long121,1665.225,99.6899,-6.9998,12.1478,268.8823,19.11,2.4157,5.5297,4.8696,43.5625,12
long121,1665.25625,102.75,-6.75,11.4453,263.6633,19.25,2.4286,4.838,4.349,35.7812,12
long121,1665.2875,97.5012,-6.25,11.2816,258.0628,19.38,2.4415,4.3426,3.8294,29.9688,12
long121,1665.31875,98.9375,-6.25,11.7344,254.2427,19.48,2.4433,3.9687,3.4143,25.4314,12
long121,1665.35,100.6257,-6.2496,11.8127,252.2051,19.65,2.4452,3.7818,3.2711,22.8849,12
long121,1665.38125,101.5625,-5.75,12.0703,247.8763,19.89,2.4338,3.637,3.1584,20.5252,12
long121,1665.4125,100.8727,-5.5,11.7813,243.421,20.41,2.4223,3.5332,3.0655,18.0469,12
long121,1665.44375,97.9375,-5.5,11.9297,237.3111,21.09,2.4041,3.6825,3.1477,8.8594,12
long121,1665.475,99.5025,-5.75,12.1246,234.3826,21.33,2.3858,4.0855,3.3145,5.7891,12
long121,1665.50625,102.5639,-5.75,11.6724,230.9447,22.68,2.3639,4.0849,3.2932,4.2926,12
long121,1665.5375,104.3125,-5.75,12.2578,228.5235,24.27,2.3419,4.2261,3.4403,4.1249,12
long121,1665.56875,100.8085,-5.75,11.828,226.8659,26.15,2.2889,4.5664,3.6071,4.0665,12
long121,1665.6,95.875,-5.75,11.7422,230.1679,28.2,2.2446,4.5554,3.4557,4.1016,12
long121,1665.63125,94.7515,-5.5,11.6327,233.4699,28.97,2.2066,4.1163,3.2595,4.7617,12
long121,1665.6625,96.6875,-5.5,11.4453,236.5169,30.32,2.1773,4.4679,3.6193,5.5625,12
long121,1665.69375,94.3724,-5.7502,11.3431,239.3095,30.9,2.1889,4.4325,3.6841,6.4961,12
long121,1665.725,91.125,-6,10.5234,240.7054,31.07,2.2005,4.5231,3.7523,5.5295,12
long121,1665.75625,94.3158,-6.5006,11.2113,242.9901,30.53,2.2116,4.8978,4.0999,4.8072,12
long121,1665.7875,98.5,-7.25,11.7031,246.1635,29.76,2.2226,6.7276,5.5482,4.2337,12
long121,1666.6,103.5,-7.25,10.2031,250.118,16.28,2.5232,5.9263,4.9916,3.4157,12
long121,1666.63125,106.063,-5.9998,10.6095,244.8997,14.81,2.5213,5.6194,4.833,3.293,12
long121,1666.6625,106.625,-5.75,10.75,239.9358,12.84,2.5117,4.8026,4.3392,3.2539,12
long121,1666.69375,106.125,-5.5,10.8359,232.9351,11.84,2.502,4.9417,4.4753,3.2227,12
long121,1666.725,106.3143,-5.4998,10.1875,228.8628,10.99,2.4971,4.9081,4.6382,3.2072,12
long121,1666.75625,108.5625,-5.25,10.25,225.8064,10.39,2.4824,5.1373,4.893,3.3049,9
long121,1666.7875,110.1864,-5.25,10.6563,222.3678,10.11,2.4785,4.9475,4.7737,3.4045,9
long121,1666.81875,108.875,-5.25,10.7891,226.6872,10.04,2.4687,4.3221,4.2256,3.498,9
long121,1666.85,105.3725,-4.7498,11.0155,231.8967,10.09,2.4648,3.9868,3.9677,3.3555,9
long121,1666.88125,102.25,-4.5,10.8828,234.1813,10.31,2.4511,3.3704,3.4012,3.209,9
long121,1666.9125,103.5609,-4,10.9064,236.4667,10.68,2.4413,3.274,3.255,3.0859,9
long121,1666.94375,101.5,-4,11.2031,237.8597,11.14,2.4335,3.0592,3.0185,3.1114,9
long121,1666.975,100.433,-4,11.5313,238.8734,11.75,2.4286,2.6158,2.6202,3.1406,9
long121,1667.00625,94.8125,-4,11.6797,239.8864,12.65,2.4256,2.9919,2.92,3.1581,9
long121,1667.0375,91.3672,-4.0002,11.718,240.8994,13.41,2.4247,4.565,4.3236,3.127,9
long121,1667.06875,81.6875,-4.25,10.6641,242.2939,14.38,2.4251,5.0962,4.9243,3.0977,9
long121,1667.1,76.6875,-4.25,9.8438,244.1963,15.44,2.4267,5.351,5.6637,3.0879,9
long121,1667.13125,77.8214,-4,10.4142,246.0987,16.26,2.4282,5.3899,6.9323,3.4249,9
long121,1667.1625,88.875,-4,10.5234,246.986,17.26,2.4297,4.2529,6.2169,3.8803,9
long121,1667.19375,99.4402,-3.7498,10.3357,248.3797,18.02,2.4312,3.0509,4.3532,4.4523,9
long121,1667.225,102.8125,-3.5,10.0234,249.5199,18.6,2.4286,2.9772,4.1022,4.1172,9
long121,1667.25625,102.7491,-3.25,9.7734,250.1521,19.19,2.4261,3.0447,4.1641,3.7988,9
long121,1667.2875,101.625,-3.25,9.7188,250.9107,19.6,2.4214,3.0384,4.2246,3.5273,9
long121,1667.31875,97.4946,-3.0002,9.8666,251.6686,20.09,2.4167,3.965,5.576,3.8809,9
long121,1667.35,90.75,-3.25,9.0625,252.553,20.49,2.4133,4.8067,6.0719,4.3532,9
long121,1667.38125,78.9395,-2.9996,9.4299,253.313,20.99,2.4099,4.3956,5.0976,5.0159,9
long121,1668.00625,107.3773,-4.9998,8.9062,278.149,20.17,2.5152,6.893,6.8299,24.7988,11
long121,1668.0375,110.3125,-4.75,8.9219,268.3528,18.97,2.5193,6.0124,5.7915,25.6094,11
long121,1668.06875,117.3164,-4.4994,8.9532,259.8275,17.9,2.5234,4.2439,4.3194,27.8125,11
long121,1668.1,122.1875,-3.75,9.0234,252.4468,16.79,2.5262,3.9602,4.0252,30.2969,11
long121,1668.13125,132.6383,-3.7504,9.4604,204.8806,15.4,2.5291,4.6347,4.5431,33.2188,11
long121,1668.1625,149.25,-4.25,8.8828,197.3698,14.11,2.5278,5.0716,4.9004,23.8615,11
long121,1668.19375,149.7351,-5.0006,8.875,197.4962,12.72,2.5266,8.0101,7.2518,18.2569,11
long121,1668.225,131.125,-5.75,8.875,199.1443,11.74,2.5235,15.6298,13.9553,14.6458,11
long121,1668.25625,96.4251,-6.2502,8.875,200.5388,10.89,2.5205,16.0177,14.0861,16.8125,11
long121,1668.2875,80.9336,-6.4998,8.8828,201.551,10.3,2.5216,17.5078,14.7976,20.3438,11
long121,1668.31875,76.0625,-6.25,8.9062,202.5647,9.67,2.5227,16.4166,13.9454,26.3438,11
long121,1668.35,81.6248,-6.4998,8.9297,203.7049,9.26,2.5278,12.1908,10.9088,20.8174,11
long121,1668.38125,81.4375,-6.25,8.9609,205.3522,8.8,2.5329,8.4078,7.9529,16.3829,11
long121,1668.4125,84.4979,-6.0004,8.9688,206.3667,8.49,2.5378,8.3953,7.6893,13.159,11
long121,1668.44375,81.875,-6.5,8.9688,209.0321,8.01,2.5428,8.5208,7.7658,7.7734,11
long121,1668.475,82.811,-6.2496,8.9375,211.8261,7.64,2.5478,8.4874,7.7205,5.5039,11
long121,1668.50625,80.9375,-5.75,8.9375,215.1281,7.17,2.5528,8.3794,7.6256,4.25,11
long121,1668.5375,88.9375,-5.5,8.9531,219.4474,6.81,2.5566,8.1986,7.3943,5.0195,11
long121,1668.56875,88.9375,-5.5,8.9453,222.8758,6.52,2.5604,7.987,7.1921,6.4415,11
long121,1668.6,90.4356,-4.9994,8.9297,225.2876,6.65,2.5571,7.5869,6.8277,9.7106,11
long121,1668.63125,88.125,-4.25,8.9297,228.3345,7.16,2.5538,6.5368,5.785,12.8393,11
long121,1668.6625,95.4424,-3.9992,8.9453,230.1119,8.08,2.5486,5.7201,5.129,17.4844,11
long121,1668.69375,101.5026,-2.9996,8.9688,230.234,9.64,2.5435,5.4482,4.8489,22.875,11
long121,1668.725,104.6875,-2.5,8.9531,230.3561,11.11,2.5425,5.631,4.883,12.8984,11
long121,1668.75625,105.6263,-1.999,8.9453,230.2253,12.54,2.5415,6.0196,5.0811,8.6588,11
long121,1668.7875,107.1875,-0.75,8.9375,231.4926,13.19,2.5469,6.0869,5.1194,6.4705,11
long121,1668.81875,110.7498,-0.75,8.9375,234.4116,13.73,2.5523,5.5724,4.7664,7.1632,11
long121,1668.85,110.5,-0.75,8.9453,236.3162,14.37,2.5569,5.3166,4.5543,8.4141,11
long121,1668.88125,109.5001,-1.5,8.9141,238.8559,15.02,2.5615,5.5614,4.7005,10.8047,11
long121,1668.9125,109.625,-1.5,8.9141,241.0134,15.39,2.5577,6.0863,5.0826,14.25,11
long121,1668.94375,106.1215,-1.5008,8.8984,243.298,15.68,2.5499,6.7253,5.6796,19.8438,11
long121,1668.975,101.8125,-2.5,8.875,245.4533,15.93,2.5401,7.6725,6.4544,29.5889,11
long121,1669.00625,94.3743,-3.5004,8.8828,246.722,16.32,2.5264,8.9443,7.3239,27.5585,11
long121,1669.0375,93.5,-4,8.875,248.2437,16.68,2.5078,9.2602,7.5442,25.8874,11
long121,1669.06875,92.2556,-3.999,8.8828,250.399,17.04,2.4922,8.4244,6.9189,24.5625,11
long121,1669.1,99.2541,-2.7494,8.875,251.1598,17.38,2.4824,7.249,6.0385,30.0781,11
long121,1669.13125,104.3125,-2,8.875,252.2999,17.72,2.4715,6.324,5.2289,38.4062,11
long121,1669.1625,112.4407,-1.5002,8.8828,253.1842,17.56,2.4678,5.5637,4.6533,51.3125,11
long121,1669.19375,116.4375,-1.75,8.875,253.69,17,2.4641,5.8725,4.8114,41.2019,11
long121,1669.225,114.868,-1.5006,8.8673,254.1936,16.53,2.4627,6.2501,5.095,34.1774,11
long121,1669.25625,106.1875,-2.25,8.9844,254.5714,15.88,2.4614,6.6575,5.4427,29.9844,11
long121,1669.2875,97.3731,-2.7504,8.9844,254.6935,14.93,2.4574,7.5924,6.0962,25.9219,11
long121,1669.31875,95.0625,-3.25,8.9844,254.4348,14.01,2.4534,7.2735,5.9889,22.8438,11
long121,1669.35,98.9951,-3.75,8.9844,253.7939,13.1,2.4483,7.5556,6.3334,20.2344,11
long121,1669.38125,92.875,-3.75,8.9922,253.1544,12.44,2.4432,8.6189,7.1145,16.4617,11
long121,1669.4125,84.245,-4.75,8.9141,252.3856,12.07,2.4381,10.3217,8.3651,13.5025,11
long121,1669.44375,78,-4.75,8.8906,251.3639,11.65,2.4331,11.1384,8.8703,11.311,11
long121,1669.475,85.136,-3.4992,8.8984,250.5973,11.44,2.4312,9.4149,7.7185,10.6875,11
long121,1669.50625,98.884,-2.4998,8.9141,249.702,11.34,2.4294,7.4809,6.3338,10.2578,11
long121,1669.5375,110.125,-2.25,8.9141,248.9347,11.56,2.4331,5.6945,4.8516,9.9297,11
long121,1669.56875,114.3115,-1,8.9141,248.0402,11.79,2.4368,4.9952,4.2662,9.5469,11
long121,1669.6,113.125,-1,8.9141,247.655,12.02,2.4421,5.2891,4.426,9.2964,11
long121,1669.63125,110.3739,-0.7502,8.9141,247.6507,12.26,2.4474,5.7485,4.8049,9.0983,11
long121,1669.6625,109.0625,-1,8.9141,249.1723,12.48,2.457,6.1417,5.1124,7.7344,11
long121,1669.69375,106.6256,-0.7498,8.9141,251.3283,12.68,2.4665,6.0908,5.095,6.5586,11
long121,1669.725,107.4375,-0.5,8.9141,253.1042,12.73,2.4735,5.7391,4.8659,5.5859,11
long121,1669.75625,104.0644,-0.2498,8.9141,254.4987,12.71,2.4804,5.2962,4.5272,5.1367,11
long121,1669.7875,106.4375,0,8.9141,255.8932,12.69,2.489,4.9228,4.2452,4.8512,11
long121,1669.81875,108.3142,-0.25,8.9141,257.4148,12.7,2.4976,4.7572,4.1307,4.6872,11
long121,1669.85,110.4375,-0.25,8.9141,258.5549,12.79,2.506,4.8221,4.2186,4.5582,11
long121,1669.88125,110.6875,-0.75,8.9141,260.0766,12.88,2.5145,5.4388,4.7067,4.4023,11
long121,1669.9125,106.9993,-0.9998,8.9141,261.0903,13.09,2.5184,6.4254,5.4798,4.2266,11
long121,1669.94375,106.0625,-0.75,8.9141,262.4847,13.51,2.5223,6.9007,5.8874,4.0625,11
long121,1669.975,107.3165,-0.5004,8.9297,264.2585,13.87,2.5244,6.9636,5.9744,3.916,11
long121,1670.00625,112.25,-1,8.9297,264.765,14.33,2.5266,6.5945,5.7206,3.7795,11
long121,1670.0375,116.9965,-1.2496,8.9219,265.5236,14.74,2.5245,5.9335,5.2038,3.8538,11
long121,1670.06875,112.625,-0.75,8.9375,266.1551,15.22,2.5223,5.8238,5.0974,3.959,11
long121,1670.1,107.1876,-0.2502,8.9375,266.7858,15.46,2.5173,6.1503,5.3613,4.0898,11
long121,1670.13125,107.3125,-0.5,8.9297,267.5437,15.77,2.5124,6.3423,5.5459,3.918,11
long121,1670.1625,109.0675,-0.7496,8.9297,268.4288,16.12,2.5088,6.2965,5.5137,3.748,11
long121,1670.19375,115.25,-0.25,8.9297,268.9338,16.39,2.5052,6.3077,5.5297,3.5913,11
long121,1670.225,112.5599,-0.5002,8.9297,269.566,16.71,2.5005,6.2637,5.534,3.3921,11
long121,1670.25625,103.625,0.25,8.9297,269.3073,16.99,2.4958,6.7158,5.9917,3.185,11
long121,1670.2875,97.875,-0.5,8.9219,267.9041,17.32,2.4846,7.5837,6.6927,2.9844,11
long121,1670.31875,90.5605,-1.2508,8.9141,267.1367,17.67,2.4733,8.0383,7.1159,2.8652,11
long121,1670.35,88.125,-2.25,8.8672,269.0377,17.97,2.4605,8.7312,7.6823,2.7852,11
long121,1670.38125,84.3736,-3.2504,8.8594,270.9408,18.46,2.4477,8.8886,7.9313,2.7324,11
long121,1670.4125,78.5714,-3.75,8.8281,271.5737,19.23,2.4041,9.4755,8.4113,2.9146,11
long121,1670.44375,76.1905,-4.25,8.8125,272.5867,19.96,2.3738,11.9906,10.3742,3.1177,11
long121,1670.475,72.25,-4,8.7891,273.3453,20.64,2.3767,13.1236,11.2739,3.3438,11
long121,1670.50625,68,-3.75,8.7891,274.2296,21.36,2.3855,13.8281,11.8885,3.4512,11
long121,1670.5375,63.8125,-3.5,8.8125,274.226,22.03,2.3926,13.8176,12.0078,3.5684,11
long121,1670.56875,71.375,-3,8.9458,274.2202,22.24,2.4042,10.6444,9.2546,3.7031,11
long121,1670.6,81.5,-2.25,9.5547,274.218,21.67,2.4196,7.9366,6.9174,3.7285,11
long121,1670.63125,97.0625,-0.75,9.8517,273.7043,21.04,2.4349,6.3424,5.5216,3.7363,11
long121,1670.6625,106.9375,0,9.9922,272.5532,20.16,2.4451,5.2087,4.5859,3.7322,11
long121,1670.69375,112.375,0.25,9.9766,272.0424,18.4,2.4552,4.8627,4.2526,3.6641,11
long121,1670.725,110.2533,-0.2498,9.9531,270.7664,16.07,2.4632,5.157,4.4152,3.5996,11
long121,1670.75625,114.375,0,9.9062,265.0388,14.56,2.4711,5.5133,4.7225,3.5273,11
long121,1670.7875,117.501,0.2502,9.7968,258.1639,13.75,2.4777,5.7412,4.8856,3.5156,11
long121,1670.81875,118.6875,0.5,9.7109,258.1631,12.91,2.4844,5.8375,4.9726,3.5255,11
long121,1670.85,117.75,0.5,9.6018,258.6667,11.73,2.4874,5.6926,4.8366,3.557,11
long121,1670.88125,118.0625,0.75,9.8203,259.4239,11.09,2.4905,5.431,4.6273,3.7383,11
long121,1670.9125,117.75,1,9.7189,259.8003,10.65,2.4906,5.2906,4.4924,3.9609,11
long121,1670.94375,114.3125,0.75,9.8828,260.0525,10.47,2.4907,5.2457,4.4015,4.2422,11
long121,1670.975,112.75,0.75,10.0546,260.3017,10.53,2.4811,5.2129,4.3174,4.9648,11
long121,1671.00625,116,0.5,9.8672,260.4252,10.71,2.4715,5.1382,4.2216,5.8935,11
long121,1671.0375,117.8125,0.5,9.7422,260.4208,10.9,2.4636,5.1212,4.2222,7.0858,11
long121,1671.06875,120.125,0.25,9.7188,260.035,11.16,2.4557,5.4674,4.4724,7.0468,11
long121,1671.1,118.3125,0.5,9.2656,259.1397,11.5,2.45,6.0483,4.8597,6.9844,11
long121,1671.13125,111.8054,0.2498,9.5314,257.6087,11.78,2.4442,6.8108,5.4314,6.9375,11
long121,1671.1625,102.9375,0,9.7422,255.4425,11.97,2.4407,7.4268,5.8608,6.8906,11
long121,1671.19375,102.5665,-0.5,9.5938,253.6585,11.71,2.4372,7.3549,5.8319,6.8633,11
long121,1671.225,107.5625,-0.5,9.6094,250.7287,11.38,2.4381,6.932,5.5064,6.8248,12
long121,1671.25625,115.3125,0,9.6408,248.9425,11.22,2.439,6.3942,5.0787,7.0552,12
long121,1671.2875,116.9375,0,9.9219,248.8124,10.88,2.4438,5.6307,4.5137,7.2734,12
long121,1671.31875,119.75,-0.25,10.2735,248.4259,10.65,2.4486,5.1194,4.0757,7.5078,12
long121,1671.35,121.5,-0.5,10.375,247.6585,10.44,2.4539,4.8343,3.8271,7.1289,12
long121,1671.38125,119.5,0,10.3435,245.8738,10.21,2.4593,4.6589,3.6944,6.8047,12
long121,1671.4125,113.4375,0,9.9297,243.5805,10.02,2.4635,4.7219,3.7247,6.4798,12
long121,1671.44375,109,0,9.9844,241.2864,9.82,2.4677,4.9182,3.8682,7.8026,12
long121,1671.475,107.0674,0.25,9.9296,239.2482,9.81,2.4706,5.3433,4.183,10.1607,12
long121,1671.50625,113.125,0.25,9.7578,236.0639,10.11,2.4734,5.9075,4.6122,15.2891,12
long121,1671.5375,117.5685,0.25,9.8675,236.5675,10.87,2.4639,5.9733,4.7088,19.1719,12
long121,1671.56875,125,0.25,10.2266,237.7069,11.72,2.4545,5.9185,4.6816,23.5469,12
long121,1671.6,126.8718,0.5,10.2658,238.2119,12.46,2.4448,5.5916,4.3991,28.2656,12
long121,1671.63125,122.9375,0.5,10.5547,238.8441,13.33,2.4351,4.8484,3.8981,26.9672,12
long121,1671.6625,113.875,0.75,11.0548,239.6013,13.91,2.4222,4.6639,3.7221,26.2952,12
long121,1671.69375,108.5625,0.5,11.2109,239.9792,14.45,2.4092,4.3931,3.5789,25.5781,12
long121,1671.725,107.9375,1,10.8745,240.6106,14.76,2.404,4.6064,3.789,26.4844,12
long121,1671.75625,112.5625,0.75,10.2734,240.3519,14.92,2.3988,5.3857,4.3307,27.2344,12
long121,1671.7875,111.375,0.75,9.7423,239.3302,14.96,2.404,6.0969,4.873,27.7188,12
long121,1671.81875,111.3125,0.25,9.8672,236.9083,14.93,2.4092,6.2723,4.977,26.8098,12
long121,1671.85,110.1875,0.5,10.383,235.8881,14.89,2.4161,6.228,4.9951,25.6702,12
long121,1671.88125,109.0633,0.7498,10.6402,233.2089,14.89,2.4161,5.7892,4.7574,24.9556,12
long121,1671.9125,110.0625,0.5,10.1719,233.3353,14.79,2.4231,5.5375,4.6225,25.9844,12
long121,1671.94375,108.6255,0,9.4142,251.5126,14.74,2.4313,5.9153,4.9129,27.1562,12
long121,1671.975,109.1875,0,9.5703,283.9404,14.84,2.4395,6.9505,5.6783,28.1875,12
long121,1672.00625,103.561,0.2502,9.8828,294.9987,15.15,2.4454,7.1795,5.8692,23.2344,12
long121,1672.0375,101.6875,0.5,9.8672,300.3352,15.63,2.4513,6.4678,5.3453,19.8697,12
long121,1672.06875,103.9375,0.75,10.1484,302.7477,16.1,2.4554,5.6554,4.6963,17.6838,12
long121,1672.1,107.8125,1.25,10.1719,305.0323,16.75,2.4595,4.6675,3.9551,16.1562,12
long121,1672.13125,105.25,1.5,10.3047,306.8083,17.34,2.4621,4.539,3.9163,14.4531,12
long121,1672.1625,103.0625,1,10.2891,307.5669,18.18,2.4648,5.2601,4.4416,12.4688,12
long121,1672.19375,102.0625,0.5,9.1798,308.1983,18.91,2.4678,6.0115,5.0689,9.2812,12
long121,1672.225,104.4375,0.25,9.3438,307.9396,20.2,2.4708,6.7306,5.6455,7.423,12
long121,1672.25625,105.4375,0,9.5628,306.4093,20.14,2.4806,6.5148,5.5785,6.2689,12
long121,1672.2875,107.3131,0.25,9.9062,297.3748,19.28,2.4904,6.036,5.2937,6.019,12
long121,1672.31875,108.125,0.25,9.8984,272.5733,18.3,2.506,5.8009,5.1004,5.7969,6
long121,1672.35,107.9372,0.5002,9.5937,263.2852,16.55,2.5215,5.8999,5.1756,5.5898,6
long121,1672.38125,107.625,0.75,9.5234,253.9956,13.58,2.5323,6.0019,5.2089,5.75,6
long121,1672.4125,109.75,0.5,9.4141,249.0332,12.19,2.543,5.6677,4.9928,5.8945,6
long121,1672.44375,114.875,-0.25,9.4141,242.9243,11.45,2.5483,5.3071,4.7632,6.0481,6
long121,1672.475,115.875,0,9.2575,235.1628,10.65,2.5536,5.839,5.2023,4.9201,6
long121,1672.50625,115,0,8.8516,228.0365,9.92,2.5445,6.7238,6.0694,4.1758,6
long121,1672.5375,101,-0.5,8.7656,223.3271,8.95,2.5354,8.4363,7.4316,3.6289,6
long121,1672.56875,90.25,-1.25,8.7266,215.0563,9.44,2.5197,11.8436,10.4684,3.7031,6
long121,1672.6,78.4375,-1.25,8.7578,210.8555,10.25,2.504,14.8912,12.9345,3.7988,6
long121,1672.63125,78.4375,-1,8.7812,215.3019,11.82,2.4513,12.8448,11.2216,3.9241,6
long121,1672.6625,78.5625,-0.75,9.0944,218.6031,13.89,2.3986,9.9602,8.9641,4.0628,6
long121,1672.69375,89.634,-0.2496,9.8831,221.6507,15.43,2.3587,7.4495,6.8342,4.1878,6
long121,1672.725,100.875,0.25,10.2031,223.6817,16.85,2.3187,6.2946,5.8283,4.293,6
long121,1672.75625,110.0593,0.4998,9.9295,226.7293,18.29,2.3028,5.8971,5.3553,4.3008,6
long121,1672.7875,106.125,0.25,9.6797,229.9033,20.97,2.2779,5.8664,5.2455,4.3203,6
long121,1672.81875,103.9375,0.25,10.2738,232.1879,22.76,2.2798,5.9934,5.3721,4.3516,6
long121,1672.85,104.875,0,10.7656,233.7103,24.36,2.3026,6.1022,5.516,4.4416,6
long121,1672.88125,107.5,-0.25,10.0933,236.2484,24.4,2.3335,6.0569,5.4989,4.5275,6
long121,1672.9125,106.8125,-0.5,9.4141,238.0244,23.89,2.3645,6.4699,5.8552,4.5977,6
long121,1672.94375,101.75,-0.75,9.3981,240.4354,22.04,2.3978,7.5028,6.7391,4.582,6
long121,1672.975,97.8125,-0.75,9.0625,242.2114,21.07,2.4312,7.4418,6.725,4.5898,6
long121,1673.00625,92.8125,-0.5,9.0393,243.3522,20.2,2.4491,7.4401,6.7332,4.6289,6
long121,1673.0375,98,-0.75,9.2734,244.8745,19.23,2.4143,7.6502,6.9162,5.1775,6
long121,1673.06875,102.25,-1,9.2574,246.3954,18.02,2.3748,7.639,6.9379,5.8691,6
long121,1673.1,104.9943,-0.4998,8.7188,247.4084,18.13,2.3354,8.1568,7.4131,6.6661,6
long121,1673.13125,97.875,-0.25,8.6719,248.5485,20.38,2.2872,9.4668,8.3901,5.8867,6
long121,1673.1625,92.5597,-0.5004,8.7032,249.0528,22.77,2.2389,10.5768,9.2857,5.3164,6
long121,1673.19375,89.125,-1,8.8359,249.1756,24.68,2.2281,9.9843,8.7579,4.9219,6
long121,1673.225,91.25,-0.5,9.1486,247.7717,26.19,2.2173,8.992,7.8738,5.7383,6
long121,1673.25625,99,0.25,9.3906,246.8779,27.1,2.2709,8.1206,7.2053,6.7336,6
long121,1673.2875,111.125,1,9.5548,245.3476,27.79,2.3244,6.9579,6.18,8.0255,6
long121,1673.31875,117.3125,1.5,9.6328,243.9437,24.74,2.4159,6.3766,5.6885,8.8906,6
long121,1673.35,118.8125,1.75,9.625,242.4126,22.96,2.5074,6.4475,5.6489,10.3203,6
long121,1673.38125,114.625,2,9.6016,240.8808,20.6,2.5375,6.2954,5.5475,12.6797,6
long121,1673.4125,119.375,1.5,9.4925,240.1149,18.09,2.5676,5.9897,5.3147,14.0078,4
long121,1673.44375,120.3125,1.25,9.8828,239.2204,13.18,2.5775,5.7475,5.1518,15.0245,4
long121,1673.475,117.6875,1.25,10.1094,238.1988,10.89,2.5949,5.6179,5.046,15.4978,4
long121,1673.50625,111.6256,0.9998,10.125,237.43,9.42,2.5998,5.6493,5.1011,17.8366,4
long121,1673.5375,112.4375,0.75,10.1172,237.0455,8.59,2.5998,5.7537,5.1747,21.375,4
long121,1673.56875,115.1907,1.25,10.1485,236.5325,7.94,2.5949,5.7183,5.1156,26.6875,4
long121,1673.6,119.125,1.25,10.3281,236.0188,7.38,2.5881,5.332,4.7625,20.7344,4
long121,1673.63125,116,1.5,10.2812,235.5058,7.03,2.575,4.9948,4.5432,16.7344,4
long121,1673.6625,114.3125,1.25,10.2422,234.8649,6.67,2.5678,4.8534,4.4005,14.2089,4
long121,1673.69375,108.125,1,10.094,234.2254,6.58,2.5569,5.1296,4.6313,16.6335,4
long121,1673.725,108.5,1.25,10.3047,233.7124,6.95,2.5459,5.8034,5.1894,20.1686,4
long121,1673.75625,106.5,1.25,10.5076,232.4349,7.51,2.5344,6.1753,5.5559,25.3281,4
long121,1673.7875,106.5,0.75,10.2031,231.5412,8.26,2.5229,6.6682,5.9271,23.3125,4
long121,1673.81875,103.4375,0,9.5701,230.3923,10.02,2.5071,7.0412,6.2301,21.4531,4
long121,1673.85,101.0625,-0.25,9.3516,228.099,11.54,2.4914,6.963,6.2535,19.8364,4
long121,1673.88125,97.5625,-0.5,9.3594,224.7877,12.66,2.4769,7.8079,7.1105,23.293,4
long121,1673.9125,90.1202,-1.2504,9.0856,221.9857,13.92,2.4623,9.6829,8.6399,28.2207,4
long121,1673.94375,84.1875,-1.75,8.7109,219.6917,15.07,2.4483,12.6968,11.1615,35.5625,4
long121,1673.975,76.9997,-1.7502,8.7031,218.9236,15.97,2.4344,16.9354,14.1354,38.9688,4
long121,1674.00625,76.6875,-2,8.75,219.4293,16.86,2.4228,18.6003,15.2349,44,4
long121,1674.0375,82.875,-1.75,9.0082,220.4416,17.64,2.4113,12.9159,11.1589,50.625,4
long121,1674.06875,91.5,-1,9.5156,221.1994,18.23,2.4036,8.7526,7.531,33.1024,4
long121,1674.1,107.6875,-0.5,10.0313,221.8316,18.76,2.3959,6.3856,5.6555,23.7211,4
long121,1674.13125,113.6875,0.25,10.0938,222.3359,19.28,2.3935,5.3631,4.6234,18.1949,4
long121,1674.1625,124.125,0.5,10.2575,222.9674,19.76,2.391,5.1704,4.4368,14.7969,4
long121,1674.19375,126.25,1.25,9.8906,223.5988,20.02,2.4005,5.357,4.5536,12.5469,4
long121,1676.00625,106.125,0.5,9.2421,239.1084,19.98,2.3814,6.902,5.9278,8.4297,3
long121,1676.0375,94.8125,-0.25,9.0547,240.5028,20.68,2.3738,8.4452,7.2687,8.5078,3
long121,1676.06875,86.25,-0.75,9.0391,242.2787,20.71,2.3963,10.2627,8.791,8.6562,3
long121,1676.1,85.125,-1.25,9.0391,243.4188,19.53,2.4189,10.3758,9.1085,8.8825,3
long121,1676.13125,86.4375,-1.75,9.0391,244.8133,17.61,2.4454,10.057,8.9785,8.7417,3
long121,1676.1625,84.1875,-2,9.0312,247.3522,15.95,2.4719,9.2506,8.2777,8.5386,3
long121,1676.19375,86.5,-1.75,9.0469,248.7466,14.73,2.4932,8.683,7.8268,8.3125,3
long121,1676.225,88.25,-0.75,9.0312,248.7422,13.18,2.5145,8.2305,7.457,7.7422,3
long121,1676.25625,97.375,-0.25,9.0312,246.8304,11.77,2.5357,8.2102,7.4338,7.1719,3
long121,1676.2875,98.1894,-0.4994,9.0234,245.3001,9.96,2.5569,8.1253,7.3749,6.6111,3
long121,1676.31875,100.5625,0.25,9,243.7698,5.8,2.5708,8.2153,7.4715,5.678,3
long121,1676.35,97.687,1.0002,9.0156,241.6015,4.47,2.5847,8.5858,7.9066,4.9675,3
long121,1676.38125,97.125,1.25,9.0312,240.0719,3.59,2.5884,8.4489,7.8754,4.4102,3
long121,1676.4125,95.875,1.5,9.0312,238.7966,3.28,2.5921,8.4589,7.9262,4.1484,3
long121,1676.44375,93.5625,1.5,9.0312,236.6305,3.45,2.5896,8.8662,8.3683,3.957,3
long121,1676.475,93.6875,1.5,9.0234,234.718,3.69,2.5871,8.7217,8.3502,3.8086,3
long121,1676.50625,94.6875,1,9.0078,231.9146,4.04,2.5794,8.4267,8.1293,4.5811,3
long121,1676.5375,94.9375,0.75,9,230.0035,4.61,2.5716,8.1278,7.8273,5.8499,3
long121,1676.56875,92.1875,0.5,8.9766,227.2016,5.17,2.5634,7.8272,7.5205,8.4041,3
long121,1676.6,92.3125,0.25,8.9766,224.3996,5.7,2.5552,7.4156,7.1368,10.7578,3
long121,1676.63125,93.5,0.25,8.9531,220.071,6.39,2.5472,7.5182,7.3966,14.4062,3
long121,1676.6625,89.6875,0.5,8.9375,217.1419,7.3,2.5392,9.8491,9.4888,19.8281,3
long121,1676.69375,78.621,-0.2496,8.9141,214.975,9,2.5269,13.4214,12.1862,21.0959,3
long121,1676.725,73.6875,0.25,8.875,212.9361,10.09,2.5146,13.0243,11.4981,21.9859,3
long121,1676.75625,78.3869,0.7502,8.7892,211.0243,11.56,2.4953,11.5153,10.175,22.6289,3
long121,1676.7875,93.1875,1,8.9219,209.494,13.13,2.4759,7.4547,7.0078,24.2656,3
long121,1676.81875,111.5625,1.75,9.0078,207.8358,14.28,2.4522,5.3324,5.2297,26.7344,3
long121,1676.85,121.25,1.75,9.0156,206.8141,15.29,2.4284,5.709,5.3738,30.1094,3
long121,1676.88125,120.4375,1.5,9,205.7896,16.46,2.4094,6.3754,5.9431,30.3438,3
long121,1676.9125,108.6875,0.75,8.9531,205.916,18.06,2.3903,7.5524,6.9256,29.8733,3
long121,1676.94375,103.1875,1.25,8.9141,207.3104,19.33,2.3747,7.8318,7.137,29.1866,3
long121,1676.975,108.3125,1.5,8.9141,208.3226,20,2.3591,7.1075,6.6395,28.7957,3
long121,1677.00625,113.6875,1.75,8.9297,210.0971,20.41,2.3584,6.9134,6.4856,28.3125,3
long121,1677.0375,114.1875,1.75,8.9375,210.9829,20.94,2.3577,7.3529,6.8017,27.5,3
long121,1677.06875,103.8125,2,8.9375,211.9973,21.31,2.3707,7.3416,6.735,20.9531,3
long121,1677.1,110.3265,-33.4982,8.8281,214.2818,7.4,2.5798,55.1037,55.2986,43.0625,3
long121,1677.13125,127.75,-31.25,8.8594,216.1849,7.97,2.5676,36.1727,34.347,45.4746,3
long121,1677.1625,141.2556,-28.7482,8.9693,220.249,8.88,2.5554,11.8288,12.1643,47.8716,3
long121,1677.19375,148.2498,-26.4988,9.5395,222.7872,10.71,2.5392,6.852,7.2161,46.4653,3
long121,1677.225,148,-25,10.0625,224.4367,11.7,2.523,5.7763,5.9196,45,3
long121,1677.25625,146.1216,-24.25,9.6488,227.2306,12.53,2.4775,5.1212,5.3318,43.5625,3
long121,1677.2875,141.875,-24.25,10.125,231.8041,13.37,2.432,4.6035,4.7763,35.7812,3
long121,1677.31875,135.7385,-24.7504,10.6955,237.0127,16.98,2.405,5.3359,5.6778,29.9688,3
long121,1677.35,121.4375,-25.25,11,239.2987,17.11,2.3779,6.9259,7.3251,25.4314,3
long121,1677.38125,100.6755,-27.502,9.5932,243.3628,19.87,2.3671,11.3017,11.3419,22.8849,3
long121,1678.88125,144.4929,-21.25,10.4536,206.2707,21.74,2.3377,4.7759,4.2847,3.3555,11
long121,1678.9125,135.625,-21.25,11.0938,201.5607,21.61,2.3586,4.706,4.2433,3.209,11
long121,1678.94375,130.9988,-21.5002,11.6482,196.9785,21.69,2.3669,4.9465,4.425,3.0859,11
long121,1678.975,129.5,-21.75,11.3438,193.9215,22.03,2.364,5.579,4.8959,3.1114,11
long121,1679.00625,138.1236,-22.7502,10.4916,194.8073,22.49,2.3601,6.6174,5.7088,3.1406,11
long121,1679.0375,136.375,-23,9.7109,203.0684,23.04,2.3591,7.6372,6.5521,3.1581,11
long121,1679.06875,136.2431,-24.0008,9.5699,207.0068,23.75,2.3638,8.7677,7.4538,3.127,11
long121,1679.1,127.625,-25,9.1016,213.1055,24.41,2.3727,8.8195,7.7194,3.0977,11
long121,1679.13125,120.5509,-26.5016,8.9296,222.2553,24.99,2.3937,9.698,8.6075,3.0879,11
long121,1679.1625,106.125,-28.5,8.8281,227.2124,24.01,2.4147,12.0518,10.9135,3.4249,11
long121,1679.19375,90.4375,-30.75,8.8203,233.0582,22.45,2.4804,15.3631,13.6479,3.8803,11
long121,1683.00625,82.3887,-24.7476,9.0001,211.4039,20.99,2.4099,10.8459,11.7206,4.9648,11
long121,1683.0375,99.4375,-21.75,9.1406,210,21.28,2.4064,6.8188,7.4655,5.8935,11
long121,1683.06875,108.8714,-19.5004,9.2268,208.2147,21.83,2.4029,6.3229,6.992,7.0858,11
long121,1683.1,104.4375,-20,9.4375,206.9395,22.12,2.4036,7.2015,7.7514,7.0468,11
long121,1683.13125,89.9257,-20.5004,8.9688,204.0104,22.51,2.4043,10.9399,11.3532,6.9844,11
long121,1683.1625,75.2369,-21.0002,8.9297,200.6992,23.04,2.4101,23.2037,24.3937,6.9375,11
long121,1683.19375,58.9375,-21.25,8.9375,197.3872,23.01,2.4158,57.0547,57.6465,6.8906,11
long121,1683.225,56.2504,-21.2496,8.9453,196.112,22.78,2.43,50.021,51.0512,6.8633,11
long121,1683.25625,56.75,-20.75,8.9688,193.5645,22.55,2.4442,36.7668,36.7245,6.8248,11
long121,1683.2875,64.1311,-19.9996,8.9844,192.1614,22.29,2.4533,22.3555,23.2335,7.0552,11
long121,1683.31875,71.6875,-19.5,9.0234,192.0298,22.02,2.4623,14.2338,15.2023,7.2734,11
long121,1683.35,83.3864,-18.749,9.086,192.2798,21.76,2.4685,9.4861,9.9509,7.5078,11
long121,1683.38125,97.5625,-17.5,9.1641,192.4026,21.61,2.4747,7.7026,7.8231,7.1289,11
long121,1683.4125,105.9399,-16.4994,9.3203,192.779,21.54,2.4805,6.3236,6.4161,6.8047,11
long121,1683.44375,108.9375,-15.75,9.3125,193.284,21.5,2.4864,5.1911,5.2732,6.4798,11
long121,1683.475,109.3093,-16.251,9.7032,193.6604,21.51,2.4914,4.9468,5.0712,7.8026,11
long121,1683.50625,105.375,-17.5,9.8281,194.1647,21.52,2.4964,5.9187,6.0123,10.1607,11
long121,1683.5375,93.4252,-18.7508,9.3513,194.7947,21.45,2.501,7.7709,7.643,15.2891,11
long121,1683.56875,78.0525,-19.7508,8.9219,195.4276,21.27,2.5056,12.6694,12.0941,19.1719,11
long121,1683.6,65.625,-20.75,8.9219,196.3126,20.94,2.5104,22.1536,19.4414,23.5469,11
long121,1683.63125,65.379,-21.75,8.9688,196.9448,20.17,2.5152,24.8665,21.1052,28.2656,11
long121,1683.6625,70.3125,-21.75,8.9844,197.9577,18.97,2.5193,15.504,13.574,26.9672,11
long121,1683.69375,77.0669,-21.2498,9.0313,199.86,17.9,2.5234,10.8374,9.6098,26.2952,11
long121,1683.725,82.5625,-21,9.1719,202.6524,16.79,2.5262,8.039,7.4349,25.5781,11
long121,1683.75625,86.88,-20.9998,9.5544,204.0482,15.4,2.5291,6.7777,6.2078,26.4844,11
long121,1683.7875,93.125,-20.75,9.125,207.7308,14.11,2.5278,6.2419,5.7548,27.2344,11
long121,1683.81875,95.4956,-20.2506,9.0781,212.0506,12.72,2.5266,7.1552,6.4296,27.7188,11
long121,1683.85,90,-21,9.0625,217.3869,11.74,2.5235,8.5942,7.5488,26.8098,11
long121,1683.88125,85.811,-21.5,9.0234,222.3418,10.89,2.5205,9.7702,8.6123,25.6702,11
long121,1683.9125,83.875,-21.5,9.0156,226.788,10.3,2.5216,10.599,9.3808,24.9556,11
long121,1683.94375,88.3175,-20.7498,9.0234,230.0905,9.67,2.5227,10.2867,9.2072,25.9844,11
long121,1683.975,94.5658,-20.499,9.0234,234.5367,9.26,2.5278,9.1667,8.2068,27.1562,11
long121,1687.4125,81.686,-10.7506,10.5629,237.3507,14.96,2.404,5.1182,5.1539,20.3594,11
long121,1687.44375,79.75,-11.5,11.1172,235.694,14.93,2.4092,5.1703,5.2492,21.7812,11
long121,1687.475,72.5609,-11.5,11.6399,233.6544,14.89,2.4161,5.3959,5.5292,23.3594,11
long121,1687.50625,70.5625,-11.5,10.8047,231.9963,14.89,2.4161,5.0695,5.314,25.6778,11
long121,1687.5375,71.565,-11.25,11.0004,230.8482,14.79,2.4231,4.8044,5.1199,28.1152,11
long121,1687.56875,74.6907,-11.25,11.4463,227.0248,14.74,2.4313,4.4126,4.8021,30.5126,11
long121,1687.6,78.625,-11.25,12.7344,227.024,14.84,2.4395,4.178,4.5782,29.25,11
long121,1687.63125,84.3796,-10.75,13.0069,227.5276,15.15,2.4454,3.9153,4.3084,27.8906,11
long121,1687.6625,90.0625,-10.75,11.8984,228.0311,15.63,2.4513,3.8375,4.2232,26.625,11
long121,1687.69375,92.9414,-10.5,12.3353,228.5368,16.1,2.4554,4.0267,4.4602,22.5938,11
long121,1687.725,97.8125,-10.5,11.625,229.5483,16.75,2.4595,3.5729,4.1141,19.6041,11
long121,1687.75625,95.3104,-10.25,12.4219,230.0533,17.34,2.4621,3.5065,3.9544,17.39,11
long121,1687.7875,92.6875,-10.25,12.375,230.8126,18.18,2.4648,3.4626,3.8158,17.1556,11
long121,1687.81875,84.9372,-10.4996,11.8444,231.6983,18.91,2.4678,3.2443,3.5893,16.9062,11
long121,1687.85,84.625,-10,12.6406,232.5833,20.2,2.4708,3.683,3.9627,15.9453,11
long121,1687.88125,81.6227,-9.7502,12.0694,233.597,20.14,2.4806,3.8772,4.3099,11.6641,11
long121,1687.9125,78.8125,-10,11.0078,234.862,19.28,2.4904,4.6327,5.0264,9.2622,11
long121,1687.94375,76.1932,-10.25,11.2509,235.747,18.3,2.506,4.4611,5.1091,7.8482,11
long121,1687.975,83.2548,-10.2494,12.3438,236.6328,16.55,2.5215,4.3323,5.0354,8.063,11
long121,1688.00625,89.1875,-9.5,12.375,237.012,13.58,2.5323,5.0947,5.9534,8.2578,11
long121,1688.0375,88.8031,-9.5004,11.39,237.897,12.19,2.543,6.8354,7.5012,8.4297,11
long121,1688.06875,77.0625,-10,10.6172,238.9107,11.45,2.5483,10.9854,11.4004,8.5078,11
long121,1688.1,66.6244,-9.4998,10.6415,239.7957,10.65,2.5536,8.8111,8.9243,8.6562,11
long121,1688.13125,65.875,-9.25,11.7969,241.0614,9.92,2.5445,5.8274,6.1357,8.8825,11
long121,1688.1625,77.3846,-8.4998,12.4221,241.5664,8.95,2.5354,4.5863,4.9575,8.7417,11
long121,1688.19375,89.3125,-8.25,12.6172,242.4522,9.44,2.5197,3.5481,3.9056,8.5386,11
long121,1688.225,97.3736,-8.5004,12.5923,242.9572,10.25,2.504,3.6921,3.9251,8.3125,11
long121,1688.25625,95.625,-9,10.6875,243.8429,11.82,2.4513,4.4952,4.5351,7.7422,11
long121,1688.2875,94.5607,-9.0002,10.6326,244.6015,13.89,2.3986,5.6311,5.5725,7.1719,11
long121,1688.31875,92.3125,-9.25,10.4375,245.7415,15.43,2.3587,5.7763,5.7189,6.6111,11
long121,1688.35,94.9375,-9.25,10.3672,247.1359,16.85,2.3187,5.2505,5.4183,5.678,11
long121,1688.38125,95.3798,-9.5,10.4765,249.5475,18.29,2.3028,5.271,5.6675,4.9675,11
long121,1690.4125,100.8085,-5.75,11.828,249.1302,20.74,2.4376,4.5664,3.6071,6.3773,11
long121,1690.44375,95.875,-5.75,11.7422,244.8011,21.15,2.4372,4.5554,3.4557,5.7109,11
long121,1690.475,94.7515,-5.5,11.6327,241.6186,21.69,2.4367,4.1163,3.2595,5.0742,11
long121,1690.50625,96.6875,-5.5,11.4453,237.9267,22.2,2.4365,4.4679,3.6193,4.8203,11
long121,1690.5375,94.3724,-5.7502,11.3431,234.8684,22.66,2.4363,4.4325,3.6841,4.6328,11
long121,1690.56875,91.125,-6,10.5234,232.7031,23.02,2.4375,4.5231,3.7523,4.5071,11
long121,1690.6,94.3158,-6.5006,11.2113,231.3008,22.99,2.4387,4.8978,4.0999,5.8504,11
long121,1690.63125,98.5,-7.25,11.7031,230.4063,22.68,2.4449,6.7276,5.5482,8.6296,11
long121,1690.6625,101.6805,-7.7502,10.5618,230.4012,22.21,2.4512,8.7811,7.3273,17.0312,11
long121,1690.69375,92.9375,-8,9.7422,230.3969,21.41,2.4609,9.3576,7.6834,18.375,11
long121,1690.725,93.0028,-7.9996,10.2895,230.6468,20.32,2.4705,9.1567,7.4962,18.2031,11
long121,1690.75625,96.4439,-7.4996,10.7266,230.7696,19.24,2.4825,7.9383,6.519,17.0625,11
long121,1690.7875,104.375,-7,10.7188,231.146,18.43,2.4944,5.5267,4.4791,15.5052,11
long121,1690.81875,106.7477,-6.4998,10.5859,231.5224,17.34,2.5052,4.136,3.3828,14.42,11
long121,1690.85,103.875,-6.25,10.6328,231.7738,16.51,2.5161,4.2719,3.4938,13.6484,11
long121,1690.88125,101.0577,-6.2504,10.3519,232.5316,15.87,2.5268,5.5739,4.5844,14.6953,11
long121,1690.9125,95.125,-6.75,10.7188,233.6687,15.04,2.5376,6.8548,5.3473,15.3906,11
long121,1690.94375,80.6163,-8.2508,9.2496,233.9216,13.84,2.547,11.4656,8.3629,15.9297,11
long121,1690.975,69.8125,-9.25,8.7812,234.4259,12.55,2.5374,15.8792,11.3637,10.1887,11
long121,1691.00625,64.4417,-11.0008,8.7657,234.6758,11.74,2.5295,16.5129,12.426,7.4412,11
long121,1691.0375,69.625,-12,8.8906,234.1628,11.52,2.5216,10.8028,8.6138,5.7326,11
long121,1691.06875,77.1287,-11.9994,9.0626,232.6311,11.47,2.5113,9.0656,7.2096,4.9883,11
long121,1691.1,81.75,-11.25,9.1875,231.8646,11.52,2.5011,7.9301,6.4475,4.4453,11
long121,1691.13125,88.6905,-10.4994,9.6877,230.4615,11.7,2.4915,7.7617,6.3326,4.0391,13
long121,1691.1625,92.3739,-9.75,9.9605,228.9305,11.96,2.4819,8.453,6.9004,3.7188,13
long121,1691.19375,91.0625,-9.75,9.5,227.2739,12.18,2.4843,9.8281,7.8481,3.4604,13
long121,1691.225,85.7459,-10.2506,9.6093,224.9807,12.44,2.4866,10.5078,8.3617,3.2742,13
long121,1691.25625,80.625,-11,9.4922,223.3226,12.27,2.4933,11.1067,8.7557,3.6211,13
long121,1691.2875,79.3141,-11.25,9.211,221.1566,12,2.5,9.409,7.5362,4.0547,13
long121,1691.31875,81.3125,-11.25,9.375,219.6264,11.87,2.5073,8.7371,7.1262,4.5664,13
long121,1691.35,84.3805,-10.249,9.7424,217.969,11.71,2.5186,7.9534,6.5463,5.668,13
long121,1691.38125,91.1875,-9,9.9844,216.1837,11.64,2.5205,7.7612,6.3728,7.6743,13
long121,1691.4125,98.4416,-7.9994,9.8519,214.2706,11.65,2.5146,6.5508,5.5047,11.9207,13
long121,1691.44375,103.5,-7.25,10.2031,215.4121,12.21,2.4959,5.9263,4.9916,11.4282,13
long121,1691.475,106.063,-5.9998,10.6095,217.0607,12.74,2.4771,5.6194,4.833,10.8203,14
long121,1691.50625,106.625,-5.75,10.75,219.218,13.74,2.4567,4.8026,4.3392,10.3672,14
long121,1691.5375,106.125,-5.5,10.8359,222.1382,15.27,2.4363,4.9417,4.4753,8.4141,14
long121,1691.56875,106.3143,-5.4998,10.1875,228.8724,17.05,2.4126,4.9081,4.6382,6.6953,14
long121,1691.6,108.5625,-5.25,10.25,235.0994,18.99,2.389,5.1373,4.893,5.3137,14
long121,1744.63125,107.1876,-0.2502,8.9375,267.4424,20.68,2.2332,6.1503,5.3613,2.7129,9
long121,1744.6625,107.3125,-0.5,8.9297,264.89,20.43,2.2449,6.3423,5.5459,2.7969,9
long121,1744.69375,109.0675,-0.7496,8.9297,261.061,20.89,2.2553,6.2965,5.5137,2.9043,9
long121,1744.725,115.25,-0.25,8.9297,258.5086,21.53,2.2658,6.3077,5.5297,3.0449,9
long121,1744.75625,112.5599,-0.5002,8.9297,252.0053,22.26,2.2738,6.2637,5.534,3.3543,9
long121,1744.7875,103.625,0.25,8.9297,227.9169,21.75,2.2819,6.7158,5.9917,3.704,9
long121,1744.81875,97.875,-0.5,8.9219,227.0243,25.68,2.3041,7.5837,6.6927,4.0625,9
long121,1744.85,90.5605,-1.2508,8.9141,229.694,25.72,2.3263,8.0383,7.1159,3.6816,9
long121,1744.88125,88.125,-2.25,8.8672,232.4901,26.17,2.3131,8.7312,7.6823,3.3789,9
long121,1744.9125,84.3736,-3.2504,8.8594,234.3964,26.52,2.3,8.8886,7.9313,3.1562,9
long121,1744.94375,78.5714,-3.75,8.8281,237.1916,26.86,2.2673,9.4755,8.4113,3.2639,9
long121,1744.975,76.1905,-4.25,8.8125,238.9714,27.33,2.2347,11.9906,10.3742,3.3498,9
long121,1745.00625,72.25,-4,8.7891,241.5118,27.84,2.2154,13.1236,11.2739,3.4157,9
long121,1745.0375,68,-3.75,8.7891,243.2916,28.64,2.1962,13.8281,11.8885,3.3105,9
long121,1745.06875,63.8125,-3.5,8.8125,245.5772,29.46,2.21,13.8176,12.0078,3.2168,9
long121,1745.1,71.375,-3,8.9458,247.2287,30.42,2.2238,10.6444,9.2546,3.1309,9
long121,1745.13125,81.5,-2.25,9.5547,249.3869,31.45,2.2294,7.9366,6.9174,3.0781,9
long121,1745.1625,97.0625,-0.75,9.8517,250.5288,31.63,2.2351,6.3424,5.5216,3.0233,9
long121,1745.19375,106.9375,0,9.9922,252.3076,31.29,2.2527,5.2087,4.5859,2.9666,9
long121,1745.225,112.375,0.25,9.9766,253.3221,30.7,2.2704,4.8627,4.2526,2.8848,9
long121,1745.25625,110.2533,-0.2498,9.9531,255.3529,29.81,2.2726,5.157,4.4152,2.8281,9
long121,1745.2875,114.375,0,9.9062,256.2409,27.99,2.2748,5.5133,4.7225,2.7871,9
long121,1745.31875,117.501,0.2502,9.7968,257.381,27,2.2572,5.7412,4.8856,2.7754,9
long121,1745.35,118.6875,0.5,9.7109,258.2681,26.24,2.2396,5.8375,4.9726,2.7421,9
long121,1745.38125,117.75,0.5,9.6018,259.2816,25.57,2.2306,5.6926,4.8366,2.6992,9
long121,1745.4125,118.0625,0.75,9.8203,260.6746,26.29,2.2215,5.431,4.6273,2.6953,9
long121,1745.44375,117.75,1,9.7189,261.3069,26.98,2.2392,5.2906,4.4924,2.6973,9
long121,1745.475,114.3125,0.75,9.8828,262.4479,27.5,2.257,5.2457,4.4015,2.6992,9
long121,1745.50625,112.75,0.75,10.0546,263.2076,27.27,2.2714,5.2129,4.3174,2.6074,9
long121,1745.5375,116,0.5,9.8672,264.7279,25.25,2.2858,5.1382,4.2216,2.5137,9
long121,1745.56875,117.8125,0.5,9.7422,265.3621,22.84,2.3136,5.1212,4.2222,2.4196,9
long121,1745.6,120.125,0.25,9.7188,266.3747,21.06,2.3415,5.4674,4.4724,2.2829,9
long121,1745.63125,118.3125,0.5,9.2656,267.3873,19.62,2.3729,6.0483,4.8597,2.166,9
long121,1745.6625,111.8054,0.2498,9.5314,267.7657,17.79,2.4042,6.8108,5.4314,2.0684,9
long121,1745.69375,102.9375,0,9.7422,268.3972,14.88,2.4116,7.4268,5.8608,2.3867,9
long121,1745.725,102.5665,-0.5,9.5938,268.7728,13.88,2.4189,7.3549,5.8319,2.8926,9
long121,1745.75625,107.5625,-0.5,9.6094,268.639,13.57,2.4188,6.932,5.5064,3.8088,9
long121,1745.7875,115.3125,0,9.6408,266.7191,13.23,2.4186,6.3942,5.0787,4.7055,9
long121,1745.81875,116.9375,0,9.9219,266.336,13.06,2.4176,5.6307,4.5137,5.7054,9
long121,1745.85,119.75,-0.25,10.2735,264.417,13.86,2.4166,5.1194,4.0757,6.6484,9
long121,1745.88125,121.5,-0.5,10.375,263.0102,15.51,2.421,4.8343,3.8271,5.0156,9
long121,1745.9125,119.5,0,10.3435,261.8601,17.35,2.4364,4.6589,3.6944,4.0781,9
long121,1745.94375,113.4375,0,9.9297,260.4534,18.45,2.4335,4.7219,3.7247,3.4473,9
long121,1745.975,109,0,9.9844,258.5353,20.22,2.4305,4.9182,3.8682,3.1303,9
long121,1746.00625,107.0674,0.25,9.9296,257.2541,21.08,2.4262,5.3433,4.183,2.8667,9
long121,1746.0375,113.125,0.25,9.7578,256.7419,21.5,2.4263,5.9075,4.6122,2.6484,9
long121,1746.06875,117.5685,0.25,9.8675,256.4816,21.6,2.4286,5.9733,4.7088,2.6797,9
long121,1746.1,125,0.25,10.2266,256.8554,21.55,2.4309,5.9185,4.6816,2.7227,9
long121,1746.13125,126.8718,0.5,10.2658,257.1075,21.38,2.4383,5.5916,4.3991,2.7773,9
long121,1746.1625,122.9375,0.5,10.5547,257.4841,21.04,2.4458,4.8484,3.8981,2.8636,9
long121,1746.19375,113.875,0.75,11.0548,258.241,20.67,2.4588,4.6639,3.7221,2.9809,9
long121,1746.225,108.5625,0.5,11.2109,258.8715,20.15,2.4718,4.3931,3.5789,3.1315,9
long121,1746.25625,107.9375,1,10.8745,260.136,19.32,2.4802,4.6064,3.789,3.3828,9
long121,1746.2875,112.5625,0.75,10.2734,260.136,18.17,2.4886,5.3857,4.3307,3.6133,9
long121,1746.31875,111.375,0.75,9.7423,261.0213,17.35,2.4861,6.0969,4.873,3.834,9
long121,1746.35,111.3125,0.25,9.8672,262.4142,16.6,2.4837,6.2723,4.977,3.6328,9
long121,1746.38125,110.1875,0.5,10.383,262.9209,15.94,2.4722,6.228,4.9951,3.4724,9
long121,1746.4125,109.0633,0.7498,10.6402,263.9344,15.55,2.4608,5.7892,4.7574,3.3394,9
long121,1746.44375,110.0625,0.5,10.1719,265.0753,15.02,2.4514,5.5375,4.6225,3.166,9
long121,1746.475,108.6255,0,9.4142,265.9614,14.25,2.4419,5.9153,4.9129,3.0566,9
long121,1746.50625,109.1875,0,9.5703,267.0995,14.17,2.4386,6.9505,5.6783,3.0391,9
long121,1746.5375,103.561,0.2502,9.8828,267.7309,14.42,2.4354,7.1795,5.8692,3.9824,9
long121,1746.56875,101.6875,0.5,9.8672,268.2367,14.78,2.4301,6.4678,5.3453,5.5571,9
long121,1746.6,103.9375,0.75,10.1484,268.6143,15.43,2.4249,5.6554,4.6963,8.1804,9
long121,1746.63125,107.8125,1.25,10.1719,269.2456,17.15,2.4091,4.6675,3.9551,8.4776,9
long121,1746.6625,105.25,1.5,10.3047,269.876,17.56,2.3932,4.539,3.9163,8.9062,9
long121,1746.69375,103.0625,1,10.2891,270.2508,17.94,2.3646,5.2601,4.4416,9.6016,9
long121,1746.725,102.0625,0.5,9.1798,270.248,18.4,2.336,6.0115,5.0689,6.5,9
long121,1746.75625,104.4375,0.25,9.3438,269.8594,18.83,2.2932,6.7306,5.6455,4.8281,9
long121,1746.7875,105.4375,0,9.5628,269.4709,19.25,2.2503,6.5148,5.5785,3.7881,9
long121,1751.81875,118.3125,2,9.0468,237.672,20.79,2.5103,5.4205,4.9298,8.2031,9
long121,1751.85,114.875,1.75,8.9531,236.2613,20.54,2.515,5.9977,5.4171,7.9515,9
long121,1751.88125,110.625,1.5,8.9375,233.8245,20.37,2.5061,7.125,6.2907,7.272,9
long121,1751.9125,100.6875,0.75,8.9297,231.6447,20.16,2.4973,8.2941,7.3242,6.702,9
long121,1751.94375,92.5,0.5,8.9297,226.7742,19.98,2.4928,9.3837,8.2565,6.2422,9
long121,1751.975,96.25,0.75,9.2188,226.7727,19.85,2.4884,9.6072,8.4579,6.1719,9
long121,1752.00625,98.75,1.25,9.2188,232.3808,19.68,2.4899,8.3612,7.4523,6.125,9
long121,1752.0375,107.6326,1.25,9.2188,234.4179,19.56,2.4914,7.011,6.2527,6.0742,9
long121,1752.06875,117.125,1.25,9.2266,237.6012,19.48,2.491,5.7837,5.2176,6.1055,9
long121,1752.1,125.3094,2.0002,9.0314,239.8907,19.44,2.4906,4.8451,4.4124,6.1171,9
long121,1752.13125,121.4375,2.25,9.3125,242.5632,19.46,2.4826,5.006,4.5657,6.0848,9
long121,1752.1625,115.375,2.25,9.3125,245.6188,19.51,2.4746,5.7,5.1037,5.6094,9
long121,1752.19375,107.1875,2,9.2188,247.7805,19.58,2.4676,6.5973,5.8001,5.2344,9
long121,1752.225,106.875,2,9.2266,250.1976,19.64,2.4606,7.6073,6.6182,5.0234,9
long121,1752.25625,101.8125,1.5,9.2422,252.3593,19.78,2.4575,9.1631,7.9265,5.7327,9
long121,1752.2875,98.4375,0.75,9.25,253.8826,19.83,2.4545,8.9139,7.8891,6.6588,9
long121,1752.31875,90.375,0.25,9.2422,255.4058,19.9,2.4647,8.3148,7.4698,7.7464,9
long121,1752.35,91.125,-0.25,9.2422,257.0567,19.95,2.4748,8.8833,7.8497,7.8828,9
long121,1752.38125,91.6276,-0.2506,9.25,258.1953,19.7,2.4835,8.9848,7.9344,8.0391,9
long121,1752.4125,94.8125,-1,9.2422,258.8262,19.4,2.4923,8.4826,7.5445,8.2344,9
long121,1752.44375,97.8774,-0.75,9.25,259.3279,19.01,2.4945,8.6573,7.6724,8.4609,9
long121,1752.475,100.875,-0.75,9.2422,258.9357,18.48,2.4967,8.8487,7.8174,8.633,9
long121,1752.50625,102.5618,-0.7504,9.2422,258.159,17.92,2.4925,8.405,7.3589,8.7182,9
long121,1752.5375,101.625,-1.25,9.2422,256.3592,17.3,2.4882,7.8378,6.8616,8.4683,9
long121,1752.56875,103,-0.75,9.25,254.8178,16.91,2.4806,7.9253,6.9643,8.25,9
long121,1752.6,103.5625,-0.25,9.2422,253.918,16.56,2.473,7.7872,6.8996,8.0625,9
long121,1752.63125,102.6875,-0.25,9.2422,251.8628,15.93,2.4676,7.5576,6.7008,7.7188,9
long121,1752.6625,100.375,-0.5,9.2422,250.8338,14.91,2.4621,8.3467,7.265,7.4448,9
long121,1752.69375,105.75,-0.25,9.25,249.2924,13.92,2.4607,8.1375,7.1054,7.2361,9
long121,1752.725,108.8125,0.5,9.2422,247.6234,13.27,2.4593,6.835,6.1259,7.9318,9
long121,1752.75625,117.125,1.25,9.2422,245.9514,12.64,2.4593,6.185,5.5091,8.8125,9
long121,1752.7875,120.0002,1.7504,9.2578,244.4101,12.12,2.4593,5.4458,4.951,9.9531,9
long121,1752.81875,120.25,2.25,9.2578,242.7411,11.82,2.4575,5.0516,4.5622,11.1094,9
long121,1752.85,118.5592,2.4998,9.2188,240.3046,11.61,2.4557,5.2488,4.6387,12.4062,9
long121,1752.88125,114.5,2.25,9.1641,240.1693,11.55,2.4463,5.7379,5.0148,13.8971,9
long121,1752.9125,112.6206,1.9996,9.1328,241.6895,11.57,2.4369,6.0762,5.3892,13.3502,9
long121,1752.94375,107.1875,1.5,9.1172,242.3219,11.69,2.4167,7.4554,6.6275,12.7641,9
long121,1752.975,98.5625,1,9.1094,243.079,11.88,2.3964,9.9646,8.6202,12.1562,9
long121,1753.00625,87.5,0.75,9.1094,242.3023,12.07,2.3456,11.878,9.8478,10.5234,9
long121,1753.0375,84.8125,0.75,9.125,240.758,12.31,2.2948,12.0844,9.784,9.2031,9
long121,1753.06875,92.4375,1.25,9.1719,240.1136,12.66,2.2781,9.1799,7.7707,8.1172,9
long121,1753.1,109.75,2,9.1953,238.9554,13.03,2.2614,6.4331,5.6208,7.1505,9
long121,1753.13125,123.5,2.5,9.1953,237.6695,13.47,2.2502,5.6791,4.8879,6.4206,9
long291,1890.0175,120.5625,-14.3828,9.0234,274.8714,26.86,2.5847,7.5866,7.3935,4.2266,7
long291,1890.04875,112.8125,-14.4062,9.0234,265.5436,23.61,2.6091,7.9938,7.7904,5.2461,7
long291,1890.08,111.375,-14.4688,9.0469,253.5344,24.72,2.589,7.9802,7.7944,7.6523,7
long291,1890.11125,116.0625,-14.5625,9.1562,248.549,24.7,2.5536,8.1673,7.9574,9.6016,7
long291,1890.1425,133.75,-14.625,9.0312,245.4807,25.78,2.54,6.7843,6.7519,8.1052,7
long291,1890.17375,143.625,-14.4922,9.375,241.7732,24.38,2.4806,6.4359,6.3617,6.4648,7
long291,1890.205,139.875,-14.5234,10.0781,238.0638,25.74,2.3687,6.1145,6.1232,6.6016,7
long291,1890.23625,128.7394,-14.4922,10.3751,236.9119,27.6,2.302,5.9707,6.0068,6.5078,7
long291,1890.2675,115.5,-14.4297,10.5625,234.6099,28.4,2.2595,6.3638,6.3394,6.3281,7
long291,1890.29875,114.0588,-14.4921,10.195,232.3067,28.83,2.2114,6.4274,6.5027,6.1094,7
long291,1890.33,109.4375,-14.3359,9.8047,231.0252,29.81,2.1643,6.4925,6.5665,5.8327,7
long291,1890.36125,116.5,-14.1719,9.6328,231.9162,30.95,2.2078,6.4499,6.4814,5.6875,7
long291,1890.3925,120.625,-14.0547,9.8984,233.4451,31.28,2.268,6.0476,6.1529,5.4336,7
long291,1890.42375,123.875,-14.0547,9.9922,235.2288,32.07,2.3224,6.0003,6.1059,5.4688,7
long291,1890.455,122.6875,-13.8047,10.2188,237.3957,34.4,2.3397,6.4272,6.4654,5.5586,7
long291,1890.48625,127.1875,-13.7812,9.875,239.0536,34.31,2.3242,6.5492,6.5567,6.0898,7
long291,1890.5175,125.5625,-13.7812,9.5391,241.2204,32.07,2.3723,6.5686,6.5858,6.4141,7
long291,1890.54875,129.125,-13.7891,10.0859,243.3873,29.49,2.3746,6.2137,6.4481,6.6012,7
long291,1890.58,120.6875,-13.8203,10.3594,246.0644,30.15,2.4481,5.8142,6.1032,6.8125,7
long291,1890.61125,118.8125,-13.8906,10.2109,248.9951,29.39,2.4762,5.7716,6.0587,6.5703,7
long291,1890.6425,112.9981,-14.0549,9.9373,248.9951,28.45,2.4773,5.9724,6.2698,7.4453,7
long291,1890.67375,110.6875,-14.25,9.6406,250.5253,27.07,2.4654,6.1281,6.4778,7.2148,7
long291,1890.705,115.8122,-14.3829,9.9218,253.0747,26.9,2.4477,6.3104,6.7916,9.4297,7
long291,1890.73625,115.4375,-14.5391,9.7734,255.8795,26.94,2.4358,6.4107,6.8742,9.6401,8
long291,1890.7675,118.5625,-14.5469,9.6172,257.2819,27.83,2.4455,6.2208,6.719,15.2989,8
long291,1890.79875,117.5,-14.3984,9.5625,259.1933,26.05,2.445,6.0728,6.5773,20.5938,8
long291,1891.61125,130.75,-14.6016,9.3906,235.4686,24.81,2.4712,8.5715,8.8911,10.0078,8
long291,1891.6425,129.75,-14.7578,9.8125,231.7606,26.78,2.4418,9.1499,9.3895,9.4609,8
long291,1891.67375,125.875,-14.8516,9.8672,230.2255,31.56,2.4222,7.6326,7.9137,9.25,8
long291,1891.705,120.375,-14.9141,9.5547,227.2838,32.05,2.4537,7.0563,7.28,8.3672,8
long291,1891.73625,115.0625,-15.0781,9.2266,224.3421,31.55,2.4807,6.9628,7.2127,8.6406,8
long291,1891.7675,114.5625,-14.9531,9.4688,223.0625,29.91,2.4835,6.6849,6.9916,8.8667,8
long291,1891.79875,112.6875,-14.8281,9.2031,220.76,27.74,2.4845,7.0947,7.3795,10.3516,8
long291,1891.83,114,-14.7031,9.1328,218.5846,26.21,2.5439,7.9302,8.1638,11.625,8
long291,1891.86125,115.247,-14.3283,9.2425,217.4315,25.76,2.5447,8.2095,8.4053,14.1094,3
long291,1891.8925,111.5625,-14.5234,9.5781,215.7651,26.95,2.495,8.5179,8.7104,15,3
long291,1891.92375,110.9955,-14.2733,9.5702,215.5084,27.41,2.4559,7.8259,8.1031,13.4766,3
long291,1891.955,105.4375,-14.1875,9.4922,214.6101,25.45,2.4634,7.1677,7.4894,11.684,3
long291,1891.98625,114.375,-14.2188,9.4688,213.8402,25.7,2.4634,6.8733,7.1131,11.2199,3
long291,1892.0175,116.375,-14.0938,9.375,213.0708,27.47,2.4711,6.46,6.7058,12.7578,3
long291,1892.04875,119.4375,-14.0625,9.6172,212.5563,29.75,2.476,6.2284,6.4875,13.6406,3
long291,1892.08,116.1875,-14,9.6016,212.1689,30.38,2.509,7.0313,7.2678,13.5469,3
long291,1892.11125,114.5,-14.0312,9.4688,212.2917,28.46,2.5097,7.6225,7.8571,14.2344,3
long291,1892.1425,116.5625,-14.0625,9.3047,212.2892,26.02,2.4937,7.8946,8.1271,14.7344,3
long291,1892.17375,113.75,-14,9.3438,212.5404,25.78,2.4315,7.9126,8.1921,15.1942,3
long291,1909.0175,99.125,-15.6719,8.9375,268.2925,10.71,2.6123,21.8485,20.8398,8.7812,15
long291,1909.04875,95.875,-15.7031,8.9375,262.1593,10.62,2.6284,20.8183,20.2404,15.7109,15
long291,1909.08,97.375,-15.5469,8.9375,256.5366,11.85,2.6134,17.0635,17.1126,27.9861,15
long291,1909.11125,104.5005,-15.6328,8.9375,252.4464,14.47,2.581,14.7111,14.871,38.0312,15
long291,1909.1425,105.0625,-15.6641,8.9375,249.8893,14.59,2.5652,13.5088,13.912,38.1875,15
long291,1909.17375,107.123,-15.5624,8.9375,247.205,15.21,2.5614,13.8921,14.0711,44.0625,15
long291,1909.205,104.6875,-15.4688,8.9375,246.3082,15.49,2.5605,13.7198,13.7642,20.8438,15
long291,1909.23625,110.5,-15.4609,8.9453,245.4115,16.6,2.5488,13.0158,13.1077,12.3516,15
long291,1909.2675,116.5,-15.2656,8.9688,244.5143,18.19,2.5481,10.3852,10.2837,9.0625,15
long291,1909.29875,122.125,-15.2969,8.9688,244.3843,22.43,2.5359,8.0596,7.9618,8.9378,15
long291,1909.33,128.375,-15.2969,8.9688,244.3816,26.06,2.4997,6.6375,6.738,9.2578,15
long291,1909.36125,132.125,-15.3047,8.9766,244.3779,27.4,2.4773,6.3102,6.3861,9.3359,15
long291,1909.3925,138.75,-15.2734,8.9688,244.6311,24.91,2.4836,6.3597,6.3719,10.3672,15
long291,1909.42375,137.125,-15.3047,8.9375,245.3942,24.17,2.504,7.1705,7.1226,11.1406,15
long291,1909.455,138.875,-15.5,8.9375,246.5401,23.1,2.5186,8.4332,8.3192,12.0781,15
long291,1909.48625,135.375,-15.4062,8.9375,246.9218,23.17,2.5416,7.9547,7.8676,10.9247,15
long291,1909.5175,138.621,-15.0625,8.9375,248.0677,23.41,2.5423,7.2034,7.2538,12.0625,15
long291,1909.54875,133.625,-15.0938,8.9375,249.5948,25.12,2.514,6.9316,7.1186,12.4219,15
long291,1909.58,131.6258,-15.0002,8.9375,249.5948,27.18,2.5052,5.8893,6.2169,13.4766,15
long291,1909.61125,132.625,-15.25,8.9375,250.4852,28.61,2.5224,5.4556,5.7035,12.1328,15
long291,1909.6425,139.625,-15.25,8.9375,251.6311,27.54,2.5216,5.6805,5.9366,10.5703,15
long291,1909.67375,141.375,-15.125,8.9375,251.7583,26.82,2.534,6.2302,6.5068,9.3984,7
long291,1909.705,140.25,-15.1875,8.9375,254.1814,25.84,2.5334,7.0234,7.2905,9.3984,7
long291,1909.73625,136.125,-15.0312,8.9375,256.2217,27.49,2.5337,7.9378,8.0228,11.9141,7
long291,1909.7675,137.375,-14.8438,8.9375,257.1139,27.76,2.503,7.5481,7.739,15.875,7
long291,1909.79875,137.375,-15,8.9766,259.0265,28.15,2.4832,6.5794,6.8521,20.8594,7
long291,1909.83,139.875,-15.125,9.0469,260.8109,30.04,2.4846,5.6515,5.9679,18.9531,7
long291,1909.86125,135.25,-15.2812,9.2109,261.5763,31.56,2.4731,5.6497,6.0258,16.6406,7
long291,1909.8925,130,-15.125,9.1641,264.1257,28.1,2.4952,6.7315,6.9801,14.248,7
long291,1909.92375,121.062,-15.0001,9.0313,264.6357,24.08,2.5335,7.2919,7.3832,11.6172,7
long291,1909.955,120.375,-15.125,9.125,266.9296,21.97,2.5168,7.7207,7.7124,9.4922,7
long291,1909.98625,116.2546,-15,9.3748,267.5668,24.54,2.4679,8.0193,8.0684,8.6953,7
long291,1910.0175,121.9375,-15,9.1641,268.4586,26.98,2.5032,6.4486,6.8748,8.7031,7
long291,1910.04875,123.8125,-14.8125,9.1875,269.0949,28.78,2.5726,5.7333,6.1006,9.5312,7
long291,1910.08,130.25,-15,9.0859,269.8585,30.46,2.5758,5.6551,5.9977,9.5391,7
long291,1910.11125,132.375,-15,8.9375,270.7493,30.67,2.5831,5.5252,5.8926,9.7495,7
long291,1910.1425,140.125,-14.8125,8.9375,271.3847,31.38,2.5626,5.5726,5.8566,9.2891,7
long291,1910.17375,142,-14.75,8.9375,272.0211,32.65,2.5515,5.6117,5.9172,10.0703,7
long291,1910.205,141.25,-14.75,8.9375,272.9106,31.44,2.5396,6.0548,6.3017,11.7578,7
long291,1910.23625,135.375,-14.8125,9.0547,273.2919,27,2.5211,7.2389,7.4777,12.8672,7
long291,1910.2675,134.4973,-14.7813,9.0079,273.6732,25.57,2.485,7.2589,7.4826,12.2891,7
long291,1910.29875,131.125,-14.9062,9.1328,274.435,26.79,2.4709,7.1273,7.3826,11.6032,7
long291,1910.33,128.7503,-15,9.1327,274.6887,31.08,2.4466,6.8807,7.1594,11.7188,7
long291,1910.36125,129.125,-15,8.9531,275.3245,32.11,2.4294,5.6237,5.9789,10.8672,7
long291,1910.3925,132.3738,-15.1876,8.9531,276.0868,31.87,2.4982,5.6715,6.0098,9.6953,7
long291,1910.42375,130.875,-15.375,8.9766,276.3408,29.36,2.5393,7.2052,7.4059,9.5547,7
long291,1910.455,116.375,-15.3047,9.0391,276.5945,25.38,2.5792,8.4201,8.4853,10.1484,7
long291,1910.48625,108.875,-15.2109,9.1719,276.9744,21.9,2.604,8.7219,8.5317,10.9922,7
long291,1910.5175,110.75,-15.1172,8.9766,276.0772,21.5,2.5748,8.7705,8.4843,10.2362,2
long291,1910.54875,124.375,-15.2422,8.9062,275.0532,24.69,2.5553,7.2937,7.3084,10.4609,2
long291,1910.58,131.5,-15.2422,8.9062,273.3897,28.04,2.5557,5.6894,5.7869,11.8984,2
long291,1910.61125,135,-15.2344,8.9062,272.1093,30.23,2.5497,5.559,5.5114,14.75,2
long291,1910.6425,136.5,-15.2344,8.9219,270.7013,29.96,2.5335,5.5414,5.5367,18.7656,2
long291,1910.67375,134.1212,-15.4219,9.047,270.189,28.99,2.5118,5.5776,5.6438,21.3438,2
long291,1910.705,129.375,-15.4766,9.2266,268.141,25.76,2.5361,7.1193,6.9588,27.7502,2
long291,1910.73625,120.6818,-15.4141,9.1328,267.5006,23.86,2.6258,9.0693,8.7741,24.3281,2
long291,1910.7675,113.5625,-15.4062,9.1328,266.2198,22.37,2.6619,9.7014,9.2494,25.5625,2
long291,1910.79875,109.066,-15.6875,9.3983,265.0676,25.01,2.5886,9.6664,9.2502,23.6875,2
long291,1910.83,113.4375,-15.75,9.2109,264.4272,27.24,2.5206,7.6813,7.7144,24.8125,2
long291,1910.86125,119.3125,-15.75,9.3438,263.6581,28.37,2.4931,6.1184,6.1477,21.75,2
long291,1910.8925,126.75,-15.7188,9.2266,262.8896,29.44,2.4893,5.9798,5.8644,21.9844,2
long291,1910.92375,128.5,-15.375,9.3594,262.6309,31.13,2.5133,6.0378,5.8367,21.7817,2
long291,1910.955,134,-15.25,9.2734,262.3728,30.05,2.5011,5.9776,5.7816,22.6562,2
long291,1910.98625,134.75,-15.0938,9.4219,262.1146,30.04,2.5336,5.9892,5.732,20.5625,2
long291,1911.0175,135.375,-15.125,9.4531,261.7265,29.39,2.5327,5.9161,5.6619,17.2031,3
long291,1911.04875,132.75,-15.1562,9.3828,261.7246,30.02,2.5258,5.8253,5.594,15.0156,3
long291,1911.08,129.2504,-14.9998,9.4298,261.4679,30.07,2.5463,5.6759,5.45,18.375,3
long291,1911.11125,129.75,-14.7578,9.5391,260.9529,29.53,2.5848,5.6055,5.3378,24.7191,3
long291,1911.1425,129.8778,-14.8828,9.5079,260.8229,30.56,2.5672,5.4302,5.1931,32.125,3
long291,1911.17375,133.375,-14.8516,9.6328,260.6934,30.29,2.5474,5.238,5.0809,29.4062,3
long291,1911.205,132.2507,-14.9767,9.6952,260.4352,29.09,2.4892,5.4109,5.2514,34.4062,3
long291,1911.23625,133.125,-15.0703,9.5547,260.1757,29.37,2.4759,5.8282,5.7284,41.4062,3
long291,1911.2675,132.375,-15.2578,9.3359,259.7898,29.28,2.4947,7.0613,6.8604,30.2188,3
long291,1911.29875,132.625,-15.3203,9.3281,259.5321,30.74,2.4749,7.9374,7.5732,26.3125,3
long291,1911.33,134.25,-15.2578,9.1953,259.4017,29.89,2.4699,7.9004,7.4914,25.8605,3
long291,1911.36125,140.75,-15.2891,9.3984,259.0162,29.56,2.4435,7.5,7.1952,32.5625,3
long291,1911.3925,144.25,-15.0703,10.0156,258.374,28.02,2.4429,6.7872,6.6514,32.5938,3
long291,1911.42375,145.125,-15.0078,10.2656,258.244,29.64,2.486,5.9359,5.849,28.5312,3
long291,1911.455,145,-14.8203,10.2344,257.8586,30.88,2.5404,5.7978,5.6957,25.6094,3
long291,1911.48625,146.6202,-14.6328,10.1091,257.345,32.76,2.5344,6.3728,6.1747,20.25,3
long291,1911.5175,140.625,-14.5703,9.7109,255.8087,30.97,2.5282,7.5866,7.3149,17.9586,3
long291,1911.54875,131.1236,-14.5077,9.4297,253.8907,27.99,2.5596,8.3956,8.0791,16.9844,3
long291,1911.58,129.375,-14.4141,9.4609,250.3114,25.07,2.5655,8.811,8.6484,21.1094,3
long291,1913.61125,114.125,-14.8594,8.9375,272.099,26.8,2.5846,6.9365,6.6654,10.5,3
long291,1913.6425,114.1875,-15.0078,8.7812,265.9657,24.66,2.5901,6.948,6.7467,11.5625,3
long291,1913.67375,112.0625,-14.9844,8.7188,259.0661,24.69,2.5505,7.0492,6.8299,10.2969,3
long291,1913.705,109.9375,-14.8281,8.6797,253.4437,27.53,2.5295,6.8924,6.701,10.2969,3
long291,1913.73625,106.3125,-14.7344,8.8047,247.8213,28.04,2.5216,6.8132,6.563,10.8828,3
long291,1913.7675,106.9375,-14.5781,8.7734,241.943,26.85,2.5163,6.7782,6.4767,14.0237,3
long291,1913.79875,113,-14.5156,8.7031,236.3201,25.92,2.491,6.2819,6.0612,16.5781,3
long291,1913.83,119.1875,-14.5234,8.6406,233.1253,25.78,2.4609,5.8067,5.6387,16,3
long291,1913.86125,118.5596,-14.3047,8.8361,226.6089,25.98,2.4004,6.0557,5.8534,15.2891,3
long291,1913.8925,115,-14.2734,9.0781,219.1979,25.62,2.3992,6.6825,6.3779,16.9688,3
long291,1913.92375,105.9965,-13.9686,9.1724,214.8527,23.31,2.3743,7.2337,6.7683,20.7344,3
long291,1913.955,101.6875,-13.6875,9.7812,212.1678,21.64,2.3166,7.4949,7.0623,30.6481,3
long291,1913.98625,100.9446,-13.5002,10.0001,209.9939,23.33,2.3003,6.6289,6.4376,37.39,3
long291,1914.0175,109.8125,-13.7188,10.1875,208.3303,25.11,2.3715,5.4825,5.4419,40.5938,3
long291,1914.04875,118.0625,-13.75,10.3516,207.3058,27.07,2.4505,5.4805,5.3945,39.0938,3
long291,1914.08,124,-13.9375,10.5234,206.5372,25.91,2.4672,5.2634,5.1341,40.3125,3
long291,1914.11125,123.625,-14.2188,10.8281,205.64,26.68,2.4754,5.5177,5.2887,52.1875,3
long291,1914.1425,125,-14.2812,11.2188,206.5309,24.88,2.4302,5.2365,4.9688,45.9688,3
long291,1914.17375,127.0625,-14.5312,11.7188,209.4657,26.01,2.3525,4.7048,4.5402,28.3704,3
long291,1914.205,133.625,-14.5312,10.7031,213.2941,27.59,2.3592,4.7889,4.5921,19.8438,3
long291,1914.23625,130.625,-14.5625,9.9062,215.2081,28.55,2.3788,5.0623,4.8659,16.0625,3
long291,1914.2675,126.4365,-14.4999,10.1483,218.9079,28.91,2.4581,5.7093,5.4674,16.9531,3
long291,1914.29875,125.25,-14.3438,9.9766,220.4392,28.21,2.508,6.3078,6.0846,17.625,3
long291,1914.33,124.3736,-14.3359,9.9608,222.7354,29.58,2.559,6.4727,6.2607,17.2188,3
long291,1914.36125,122.5625,-14.3047,9.8203,225.2862,29.08,2.5388,6.4002,6.2619,13.54,3
long291,1914.3925,118.7465,-14.2424,9.1253,227.072,29.85,2.5392,6.4581,6.3485,14.6457,3
long291,1914.42375,114.375,-14.4609,9.5156,230.2605,30.59,2.5115,6.5543,6.4016,19.7812,3
long291,1914.455,116.9375,-14.5,9.3047,231.664,31.43,2.4802,6.3963,6.269,24.6094,3
long291,1914.48625,122.3125,-14.4688,9.6094,234.0885,31.22,2.4583,6.334,6.1835,15.4609,3
long291,1914.5175,126.625,-14.4141,9.8906,238.0446,29.69,2.4552,6.0437,5.9064,11.8047,3
long291,1914.54875,126.0625,-14.6094,9.6094,240.979,29.93,2.4582,6.1107,5.9415,10.4453,3
long291,1914.58,117.6875,-14.7969,9.6016,242.5098,29.73,2.4367,6.2953,6.0449,10.3674,3
long291,1914.61125,117.125,-14.8047,9.4688,244.8052,27.78,2.4675,6.3693,6.1154,9.3203,3
long291,1914.6425,119.3125,-14.7734,9.8828,246.3356,26.1,2.5293,6.5467,6.3076,9.6016,3
long291,1914.67375,122.0596,-14.9297,9.7266,248.8859,27.25,2.4871,6.3944,6.2533,11.3125,3
long291,1914.705,118.5,-14.9297,9.7812,249.7786,28.98,2.468,5.9533,5.8399,18.0625,3
long291,1914.73625,111.4352,-14.7656,9.5937,251.1808,29.79,2.4723,5.7111,5.6264,33.0938,3
long291,1914.7675,108.5625,-14.7344,9.5078,252.1998,29.05,2.5073,5.6177,5.569,75.9595,3
long291,1914.79875,115.0625,-14.5469,9.4688,253.0911,29.19,2.5484,5.8766,5.8326,93.084,3
long291,1914.83,119.4375,-14.4766,9.3594,253.7261,28.17,2.5625,6.4353,6.3427,53.5312,3
long291,1914.86125,120.5625,-14.3828,9.0234,253.852,26.86,2.5847,7.5866,7.3935,29.5625,3
long291,1914.8925,112.8125,-14.4062,9.0234,254.1047,23.61,2.6091,7.9938,7.7904,18.9375,3
long291,1914.92375,111.375,-14.4688,9.0469,253.7188,24.72,2.589,7.9802,7.7944,13.7266,3
long291,1914.955,116.0625,-14.5625,9.1562,253.3329,24.7,2.5536,8.1673,7.9574,11.6016,3
long291,1914.98625,133.75,-14.625,9.0312,251.2858,25.78,2.54,6.7843,6.7519,10.5806,3
long291,1915.0175,143.625,-14.4922,9.375,250.134,24.38,2.4806,6.4359,6.3617,12.7188,3
long291,1915.04875,139.875,-14.5234,10.0781,249.1095,25.74,2.3687,6.1145,6.1232,18.5469,3
long291,1915.08,128.7394,-14.4922,10.3751,247.191,27.6,2.302,5.9707,6.0068,28.2344,3
long291,1915.11125,115.5,-14.4297,10.5625,244.2507,28.4,2.2595,6.3638,6.3394,22.9844,3
long291,1915.1425,114.0588,-14.4921,10.195,242.3322,28.83,2.2114,6.4274,6.5027,14.6797,3
long291,1915.17375,109.4375,-14.3359,9.8047,240.1573,29.81,2.1643,6.4925,6.5665,10.8672,3
long291,1915.205,116.5,-14.1719,9.6328,239.0033,30.95,2.2078,6.4499,6.4814,10.0957,3
long291,1915.23625,120.625,-14.0547,9.8984,239.2582,31.28,2.268,6.0476,6.1529,12.0234,3
long291,1915.2675,123.875,-14.0547,9.9922,241.4263,32.07,2.3224,6.0003,6.1059,16.9375,3
long291,1915.29875,122.6875,-13.8047,10.2188,243.5953,34.4,2.3397,6.4272,6.4654,25.4219,3
long291,1915.33,127.1875,-13.7812,9.875,245.7638,34.31,2.3242,6.5492,6.5567,31.4219,3
long291,1915.36125,125.5625,-13.7812,9.5391,249.5923,32.07,2.3723,6.5686,6.5858,31.375,3
long291,1915.3925,129.125,-13.7891,10.0859,252.9103,29.49,2.3746,6.2137,6.4481,23.4097,3
long291,1921.61125,120.9375,-13.0781,9.1641,279.9462,28.61,2.4545,6.81,7.6433,20.4062,3
long291,1921.6425,120.625,-13.2734,8.9688,274.4505,29.48,2.4344,6.6915,7.5084,12,3
long291,1921.67375,129.25,-13.2109,8.9453,269.0829,29.71,2.3982,6.7541,7.5797,9.1953,3
long291,1921.705,126,-13.5234,8.9688,266.7825,28.82,2.4103,7.6691,8.5868,8.525,3
long291,1921.73625,128.375,-13.375,8.9375,262.1817,27.95,2.4869,9.7037,10.6978,8.4297,3
long291,1921.7675,126.8125,-13.1562,8.875,256.5591,24.09,2.6076,10.7838,11.3138,8.5781,3
long291,1921.79875,126.875,-12.8828,8.8906,252.9802,22.67,2.6091,10.147,10.5648,8.2344,3
long291,1921.83,129.25,-12.7578,8.9219,249.9116,23.66,2.4817,9.3145,9.6743,7.7109,3
long291,1921.86125,127.4995,-12.7344,9.0623,247.738,26.72,2.3795,7.7571,8.0638,7.5586,3
long291,1921.8925,126.875,-12.7734,8.8672,245.3076,29.73,2.3533,6.6955,7.0077,10.9294,3
long291,1921.92375,127.1245,-12.5626,9.0234,243.645,29.81,2.3974,7.1928,7.3569,16.3619,3
long291,1921.955,126.4375,-12.7266,9.0234,242.365,30.7,2.4304,7.1104,7.3074,20.0938,3
long291,1921.98625,124.3125,-13.0469,8.9766,241.0846,31.46,2.3806,6.973,7.2162,13.2656,3
long291,1922.0175,124.25,-13.0156,9.0391,240.6991,31.28,2.3446,7.0802,7.3462,10.9922,3
long291,1922.04875,115.875,-13.0859,9.0781,240.8241,31.17,2.3649,6.6041,6.8246,10.2031,3
long291,1922.08,113.125,-13.0234,8.9609,240.9487,28.85,2.4643,6.4041,6.5258,10.0781,3
long291,1922.11125,111,-13.125,9.125,240.9464,30.11,2.4739,6.2732,6.3781,9.1663,3
long291,1922.1425,119.875,-13.0938,8.9375,241.1987,32.62,2.4336,5.7287,5.8991,8.9688,3
long291,1934.0175,107.123,-15.5624,8.9375,351.6509,15.21,2.5614,13.8921,14.0711,13.2656,7
long291,1934.04875,104.6875,-15.4688,8.9375,346.1563,15.49,2.5605,13.7198,13.7642,10.9922,7
long291,1934.08,110.5,-15.4609,8.9453,307.066,16.6,2.5488,13.0158,13.1077,10.2031,7
long291,1934.11125,116.5,-15.2656,8.9688,297.9967,18.19,2.5481,10.3852,10.2837,10.0781,7
long291,1934.1425,122.125,-15.2969,8.9688,285.7319,22.43,2.5359,8.0596,7.9618,9.1663,7
long291,1934.17375,128.375,-15.2969,8.9688,276.9149,26.06,2.4997,6.6375,6.738,8.9688,7
long291,1934.205,132.125,-15.3047,8.9766,272.4421,27.4,2.4773,6.3102,6.3861,9.9453,3
long291,1934.23625,138.75,-15.2734,8.9688,267.9689,24.91,2.4836,6.3597,6.3719,13.9766,3
long291,1934.2675,137.125,-15.3047,8.9375,262.857,24.17,2.504,7.1705,7.1226,18.3906,3
long291,1934.29875,138.875,-15.5,8.9375,256.34,23.1,2.5186,8.4332,8.3192,17.4531,3
long291,1934.33,135.375,-15.4062,8.9375,250.8445,23.17,2.5416,7.9547,7.8676,15.9021,3
long291,1934.36125,138.621,-15.0625,8.9375,245.9875,23.41,2.5423,7.2034,7.2538,13.3032,3
long291,1934.3925,133.625,-15.0938,8.9375,241.8979,25.12,2.514,6.9316,7.1186,14.6797,3
long291,1934.42375,131.6258,-15.0002,8.9375,236.9137,27.18,2.5052,5.8893,6.2169,14.7578,3
long291,1934.455,132.625,-15.25,8.9375,231.5463,28.61,2.5224,5.4556,5.7035,19.875,3
long291,1934.48625,139.625,-15.25,8.9375,229.3722,27.54,2.5216,5.6805,5.9366,22.0312,3
long291,1934.5175,141.375,-15.125,8.9375,232.3073,26.82,2.534,6.2302,6.5068,17.3906,3
long291,1934.54875,140.25,-15.1875,8.9375,234.8591,25.84,2.5334,7.0234,7.2905,14.4524,3
long291,1934.58,136.125,-15.0312,8.9375,237.1546,27.49,2.5337,7.9378,8.0228,13.3047,3
long291,1934.61125,137.375,-14.8438,8.9375,238.0465,27.76,2.503,7.5481,7.739,12.5859,3
